,Restaurant,Delivery_Time
0,ID_2842,0.001
1,ID_730,0.0
2,ID_4620,0.001
3,ID_5470,0.004
4,ID_3249,0.0003333333333333333
5,ID_506,0.008
6,ID_8321,0.0
7,ID_4559,0.0
8,ID_7982,0.0
9,ID_2869,0.0
10,ID_2728,0.0
11,ID_3977,0.0
12,ID_494,0.0
13,ID_2213,0.033
14,ID_6897,0.0
15,ID_2152,0.0
16,ID_3128,0.0
17,ID_2538,0.025394006310814787
18,ID_5445,0.0
19,ID_774,0.002
20,ID_1977,0.0
21,ID_4865,0.003
22,ID_6598,0.024
23,ID_8484,0.005
24,ID_5668,0.0
25,ID_7048,0.014
26,ID_4175,0.0
27,ID_2866,0.002
28,ID_488,0.0
29,ID_1542,0.0
30,ID_8435,0.001
31,ID_1201,0.0
32,ID_3461,0.0
33,ID_4387,0.001
34,ID_7687,0.003
35,ID_7925,0.0
36,ID_4216,0.0
37,ID_3547,0.0
38,ID_2306,0.044
39,ID_7709,0.06
40,ID_1142,0.008
41,ID_4299,0.003
42,ID_5505,0.0
43,ID_3311,0.0
44,ID_4333,0.0
45,ID_6179,0.009
46,ID_6576,0.0
47,ID_1875,0.0
48,ID_4906,0.0
49,ID_286,0.004
50,ID_2367,0.005
51,ID_6030,0.001
52,ID_6944,0.0
53,ID_6955,0.0
54,ID_3914,0.0
55,ID_1328,0.0
56,ID_6039,0.003
57,ID_6550,0.039
58,ID_1989,0.0
59,ID_5826,0.031467005586600164
60,ID_3999,0.0
61,ID_5812,0.0
62,ID_7282,0.0
63,ID_282,0.0
64,ID_1683,0.0
65,ID_5852,0.001
66,ID_7295,0.002
67,ID_4835,0.0
68,ID_2574,0.0
69,ID_7493,0.0
70,ID_4789,0.0
71,ID_6245,0.008
72,ID_423,0.0
73,ID_5972,0.006
74,ID_4159,0.0
75,ID_6042,0.002
76,ID_4973,0.048
77,ID_8231,0.0
78,ID_4387,0.0
79,ID_6203,0.0
80,ID_5021,0.001
81,ID_3834,0.0
82,ID_2098,0.0
83,ID_4766,0.0
84,ID_5088,0.002
85,ID_3499,0.001
86,ID_4919,0.0
87,ID_766,0.0
88,ID_756,0.0
89,ID_5982,0.0
90,ID_4505,0.004
91,ID_5555,0.0
92,ID_2941,0.0
93,ID_7001,0.0
94,ID_7184,0.001
95,ID_5092,0.0
96,ID_7648,0.0
97,ID_4622,0.003
98,ID_1712,0.0
99,ID_3686,0.0
100,ID_4792,0.0
101,ID_4922,0.0
102,ID_5638,0.003
103,ID_1871,0.001
104,ID_4404,0.012
105,ID_4372,0.0
106,ID_8041,0.0
107,ID_3497,0.002
108,ID_7260,0.002
109,ID_3871,0.003
110,ID_6045,0.0
111,ID_754,0.0
112,ID_8303,0.019
113,ID_1083,0.0
114,ID_5104,0.005
115,ID_6623,0.002
116,ID_2374,0.0
117,ID_4598,0.034
118,ID_2663,0.001
119,ID_5708,0.006
120,ID_3578,0.0
121,ID_413,0.0
122,ID_1008,0.0
123,ID_8570,0.0
124,ID_2935,0.0
125,ID_4067,0.0
126,ID_6902,0.0
127,ID_188,0.0
128,ID_4336,0.001
129,ID_4433,0.0
130,ID_6028,0.0
131,ID_3927,0.0
132,ID_2818,0.0
133,ID_4637,0.15953571428571434
134,ID_3314,0.0
135,ID_4657,0.0
136,ID_3594,0.0
137,ID_2279,0.0
138,ID_5562,0.0
139,ID_1536,0.0
140,ID_2789,0.0
141,ID_6727,0.0
142,ID_220,0.0
143,ID_3138,0.0
144,ID_8546,0.0
145,ID_7295,0.0
146,ID_8405,0.0
147,ID_1941,0.0
148,ID_8488,0.0
149,ID_5771,0.0
150,ID_7159,0.0
151,ID_469,0.0
152,ID_1442,0.0
153,ID_430,0.0
154,ID_8641,0.003
155,ID_7700,0.021
156,ID_8418,0.0
157,ID_1333,0.006
158,ID_6961,0.016
159,ID_8214,0.0
160,ID_3937,0.0
161,ID_4588,0.002
162,ID_2585,0.014
163,ID_1527,0.011
164,ID_5967,0.016
165,ID_4218,0.011
166,ID_7445,0.0
167,ID_416,0.0
168,ID_6542,0.008
169,ID_7595,0.0
170,ID_8418,0.003
171,ID_7182,0.0
172,ID_6140,0.003
173,ID_5423,0.0
174,ID_6034,0.0
175,ID_5615,0.0
176,ID_4056,0.0
177,ID_3304,0.193
178,ID_4695,0.0
179,ID_7682,0.0
180,ID_718,0.0
181,ID_5404,0.0
182,ID_3231,0.0
183,ID_4761,0.0
184,ID_2486,0.0
185,ID_6811,0.0
186,ID_6110,0.0
187,ID_452,0.001
188,ID_6626,0.0
189,ID_8432,0.0
190,ID_1186,0.005
191,ID_6365,0.0
192,ID_6379,0.0
193,ID_3353,0.0
194,ID_3426,0.0
195,ID_830,0.025394006310814787
196,ID_5032,0.281
197,ID_1557,0.0
198,ID_6922,0.04
199,ID_5117,0.0
200,ID_2343,0.001
201,ID_5219,0.0
202,ID_7727,0.0
203,ID_4564,0.0
204,ID_615,0.0
205,ID_6748,0.0
206,ID_1478,0.0
207,ID_4654,0.0
208,ID_8657,0.007
209,ID_2690,0.001
210,ID_5380,0.0
211,ID_7811,0.0
212,ID_7682,0.0
213,ID_463,0.001
214,ID_503,0.0
215,ID_3878,0.0
216,ID_6971,0.0
217,ID_5660,0.009
218,ID_5093,0.025394006310814787
219,ID_4890,0.0
220,ID_2717,0.0
221,ID_1466,0.005
222,ID_5442,0.0
223,ID_4216,0.001
224,ID_7750,0.036
225,ID_4656,0.002
226,ID_4154,0.004
227,ID_1954,0.024
228,ID_2089,0.052
229,ID_3077,0.0
230,ID_1443,0.0
231,ID_2483,0.0
232,ID_1399,0.0
233,ID_7150,0.001
234,ID_2776,0.0
235,ID_1158,0.0
236,ID_5664,0.0
237,ID_6161,0.0
238,ID_249,0.0
239,ID_6951,0.0
240,ID_7501,0.0
241,ID_2724,0.005
242,ID_8362,0.0
243,ID_81,0.0
244,ID_6163,0.0
245,ID_138,0.004
246,ID_5570,0.0
247,ID_2658,0.003
248,ID_5321,0.001
249,ID_6439,0.0
250,ID_4691,0.0
251,ID_3010,0.004
252,ID_8171,0.055
253,ID_3680,0.0
254,ID_8535,0.0
255,ID_3390,0.0
256,ID_1559,0.0
257,ID_6153,0.0
258,ID_208,0.0
259,ID_3343,0.0
260,ID_302,0.0
261,ID_5518,0.011
262,ID_6675,0.001
263,ID_7102,0.02
264,ID_2979,0.014
265,ID_6547,0.0
266,ID_2159,0.0
267,ID_538,0.0
268,ID_5974,0.001
269,ID_7497,0.0
270,ID_5616,0.0
271,ID_2433,0.014125565484223727
272,ID_6281,0.025394006310814787
273,ID_4072,0.0
274,ID_5538,0.0
275,ID_458,0.0
276,ID_4766,0.004
277,ID_1209,0.0
278,ID_5517,0.0
279,ID_7368,0.0
280,ID_7768,0.003
281,ID_2009,0.001
282,ID_1209,0.0
283,ID_3363,0.052542857142857134
284,ID_7962,0.001
285,ID_1156,0.0
286,ID_7732,0.0
287,ID_8601,0.0
288,ID_1324,0.0
289,ID_4877,0.007
290,ID_7997,0.036
291,ID_2340,0.0
292,ID_1963,0.0
293,ID_4654,0.0
294,ID_7886,0.025
295,ID_7440,0.0
296,ID_7714,0.0
297,ID_8084,0.015
298,ID_2542,0.004
299,ID_6809,0.0
300,ID_457,0.0
301,ID_3931,0.0
302,ID_8646,0.109
303,ID_18,0.004
304,ID_7430,0.001
305,ID_7086,0.001
306,ID_7322,0.0
307,ID_969,0.0
308,ID_7654,0.13
309,ID_6012,0.001
310,ID_696,0.0
311,ID_2793,0.0
312,ID_1097,0.0
313,ID_5771,0.0
314,ID_6120,0.012
315,ID_7937,0.0
316,ID_5318,0.0
317,ID_2542,0.0
318,ID_1204,0.0
319,ID_4742,0.0
320,ID_3286,0.001
321,ID_6968,0.0
322,ID_1024,0.0
323,ID_5892,0.199
324,ID_8179,0.001
325,ID_2276,0.0
326,ID_5757,0.0
327,ID_3873,0.008
328,ID_2502,0.089
329,ID_5082,0.055
330,ID_4374,0.014125565484223727
331,ID_3341,0.0
332,ID_7926,0.01
333,ID_1293,0.0
334,ID_1140,0.0
335,ID_7384,2.272727272727273e-05
336,ID_2062,0.005
337,ID_3559,0.0
338,ID_2993,0.002
339,ID_4897,0.0
340,ID_4664,0.0
341,ID_1630,0.001
342,ID_8640,0.0
343,ID_4456,0.013
344,ID_7348,0.0
345,ID_3490,0.0
346,ID_3044,0.0
347,ID_1091,0.0
348,ID_7176,0.0
349,ID_694,0.0
350,ID_8089,0.005
351,ID_1408,0.002
352,ID_185,0.0
353,ID_6549,0.0
354,ID_3321,0.0
355,ID_3799,0.0
356,ID_299,0.0
357,ID_3781,0.0
358,ID_270,0.0
359,ID_5378,0.0
360,ID_2491,0.0
361,ID_2752,0.014125565484223727
362,ID_3181,0.0
363,ID_8585,0.0
364,ID_4797,0.002
365,ID_3828,0.0
366,ID_1326,0.0
367,ID_6966,0.0
368,ID_2534,0.017
369,ID_851,0.0
370,ID_2302,0.0
371,ID_5708,0.002
372,ID_7543,0.001
373,ID_7992,0.001
374,ID_2284,0.012
375,ID_8195,0.0
376,ID_7129,0.0
377,ID_3051,0.0
378,ID_2974,0.0
379,ID_1412,0.001
380,ID_1592,0.0
381,ID_4077,0.004
382,ID_2402,0.013
383,ID_1534,0.008
384,ID_8648,0.0
385,ID_6607,0.0
386,ID_7241,0.025394006310814787
387,ID_2940,0.0
388,ID_1353,0.012
389,ID_8603,0.0
390,ID_1111,0.0
391,ID_603,0.0
392,ID_4435,0.0
393,ID_5860,0.0
394,ID_5727,0.0225
395,ID_204,0.0
396,ID_4727,0.006
397,ID_6605,0.0
398,ID_1973,0.002
399,ID_1978,0.003
400,ID_106,0.0
401,ID_3873,0.0
402,ID_5949,0.0
403,ID_1030,0.0
404,ID_6970,0.023
405,ID_7815,0.0
406,ID_3681,0.001
407,ID_449,0.003
408,ID_8197,0.0
409,ID_4472,0.014
410,ID_3202,0.003
411,ID_787,0.006
412,ID_7701,0.002
413,ID_3424,0.0
414,ID_3646,0.002
415,ID_5782,0.022
416,ID_6163,0.0
417,ID_195,0.002
418,ID_3738,0.016
419,ID_1369,0.0
420,ID_7626,0.032
421,ID_3714,0.007
422,ID_6708,0.004
423,ID_4422,0.001
424,ID_3566,0.001
425,ID_2832,0.0
426,ID_2415,0.0
427,ID_7770,0.0
428,ID_259,0.011
429,ID_8617,0.0
430,ID_7990,0.0
431,ID_5834,0.014125565484223727
432,ID_347,0.001
433,ID_3663,0.0
434,ID_8563,0.0
435,ID_2242,0.0
436,ID_5793,0.0
437,ID_2496,0.0
438,ID_6613,0.006
439,ID_5311,0.0
440,ID_3677,0.0
441,ID_5939,0.0
442,ID_2833,0.001
443,ID_2871,0.0
444,ID_7750,0.005
445,ID_7883,0.001
446,ID_3723,0.0
447,ID_285,0.011
448,ID_3828,0.002
449,ID_3953,0.0
450,ID_8652,0.014125565484223727
451,ID_8293,0.0
452,ID_7069,0.0
453,ID_3841,0.0
454,ID_1481,0.001
455,ID_6978,0.0
456,ID_79,0.0
457,ID_1333,0.001
458,ID_5682,0.007
459,ID_1669,0.014
460,ID_8464,0.0
461,ID_1076,0.0
462,ID_3972,0.0
463,ID_272,0.0
464,ID_1572,0.0
465,ID_4832,0.0
466,ID_1950,0.001
467,ID_1508,0.004
468,ID_7043,0.0
469,ID_7923,0.007
470,ID_6500,0.0
471,ID_7154,0.0
472,ID_7067,0.0
473,ID_5035,0.003
474,ID_8507,0.0
475,ID_2267,0.001
476,ID_1871,0.004
477,ID_7276,0.023
478,ID_6625,0.0
479,ID_8068,0.002
480,ID_3026,0.009
481,ID_8621,0.0026666666666666666
482,ID_2195,0.0
483,ID_485,0.001
484,ID_6899,0.0
485,ID_1521,0.0
486,ID_2530,0.0
487,ID_5194,0.0
488,ID_780,0.0
489,ID_2773,0.011
490,ID_6660,0.0
491,ID_3017,0.0
492,ID_2820,0.025394006310814787
493,ID_88,0.0
494,ID_4964,0.0
495,ID_1461,0.0
496,ID_336,0.0
497,ID_6504,0.0
498,ID_4077,0.003
499,ID_5991,0.001
500,ID_5252,0.0
501,ID_3987,0.0
502,ID_338,0.0
503,ID_5880,0.0
504,ID_460,0.0
505,ID_2434,0.005
506,ID_5330,0.0
507,ID_4482,0.0
508,ID_2653,0.021
509,ID_6880,0.009
510,ID_7763,0.161
511,ID_1916,0.0
512,ID_3322,0.001
513,ID_6038,0.002
514,ID_5145,0.004
515,ID_4818,0.129
516,ID_7501,0.05
517,ID_6353,0.0
518,ID_1033,0.0
519,ID_8015,0.005
520,ID_4193,0.0
521,ID_1994,0.0
522,ID_161,0.0
523,ID_1346,0.098
524,ID_4060,0.0
525,ID_6987,0.0
526,ID_2528,0.0
527,ID_4575,0.0
528,ID_7184,0.008
529,ID_5614,0.0
530,ID_2148,0.0
531,ID_128,0.0
532,ID_3746,0.0
533,ID_680,0.0
534,ID_1438,0.0
535,ID_7646,0.0
536,ID_4532,0.0
537,ID_8173,0.007
538,ID_820,0.0
539,ID_380,0.0
540,ID_6935,0.0
541,ID_4857,0.0
542,ID_2010,0.0
543,ID_1656,0.0
544,ID_4280,0.0
545,ID_7483,0.025394006310814787
546,ID_3028,0.0
547,ID_6265,0.0
548,ID_911,0.0
549,ID_8495,0.0
550,ID_222,0.0
551,ID_2610,0.008
552,ID_8563,0.0
553,ID_7026,0.0
554,ID_7617,0.006
555,ID_123,0.001
556,ID_8153,0.0
557,ID_7867,0.001
558,ID_6322,0.0
559,ID_2778,0.003
560,ID_7201,0.0
561,ID_5298,0.0
562,ID_4273,0.001
563,ID_1500,0.0
564,ID_48,0.0
565,ID_3112,0.0
566,ID_2494,0.011
567,ID_4745,0.0
568,ID_2451,0.014
569,ID_2569,0.004
570,ID_7166,0.004
571,ID_279,0.031
572,ID_1528,0.017
573,ID_3947,0.0
574,ID_3736,0.0
575,ID_8297,0.0
576,ID_5270,0.0
577,ID_2882,0.046
578,ID_2866,0.001
579,ID_1888,0.0
580,ID_4851,0.0
581,ID_2126,0.0
582,ID_7613,0.013
583,ID_4877,0.007
584,ID_7025,0.0
585,ID_1977,0.0
586,ID_6188,0.0
587,ID_8352,0.0
588,ID_3699,0.009
589,ID_6916,0.0
590,ID_4192,0.002
591,ID_1735,0.0
592,ID_5002,0.0
593,ID_5690,0.0
594,ID_2535,0.0
595,ID_4562,0.011
596,ID_6899,0.0
597,ID_2386,0.004
598,ID_6334,0.0
599,ID_1587,0.0
600,ID_7854,0.031467005586600164
601,ID_5045,0.0
602,ID_2301,0.003
603,ID_694,0.0
604,ID_7142,0.055
605,ID_3212,0.0
606,ID_3759,0.0
607,ID_6583,0.002
608,ID_1178,5.8974358974358975e-05
609,ID_5157,0.0
610,ID_3927,0.0
611,ID_7230,0.0
612,ID_1814,0.0
613,ID_4373,0.001
614,ID_6903,0.0
615,ID_2542,0.0
616,ID_2672,0.0
617,ID_2961,0.0
618,ID_2813,0.0
619,ID_1798,0.002
620,ID_8511,0.003
621,ID_2305,0.0
622,ID_1576,0.0
623,ID_396,0.014
624,ID_3537,0.0
625,ID_8110,0.038
626,ID_6205,0.001
627,ID_7543,0.025
628,ID_867,0.0
629,ID_417,0.0
630,ID_244,0.001
631,ID_1660,0.038
632,ID_4262,0.0
633,ID_7738,0.0
634,ID_5934,0.0
635,ID_4864,0.0
636,ID_4846,0.0
637,ID_2601,0.004
638,ID_4671,0.0
639,ID_4760,0.001
640,ID_6668,0.014
641,ID_5792,0.0
642,ID_2720,0.0
643,ID_3298,0.003
644,ID_1200,0.002
645,ID_7476,0.004
646,ID_7338,0.001
647,ID_1413,0.0
648,ID_1398,0.0
649,ID_8160,0.0
650,ID_4309,0.0
651,ID_977,0.0
652,ID_879,0.0
653,ID_7746,0.0
654,ID_617,0.009
655,ID_7141,0.005
656,ID_7864,0.0
657,ID_6000,0.0
658,ID_5597,0.0
659,ID_4163,0.002
660,ID_3891,0.0
661,ID_3815,0.004
662,ID_150,0.0
663,ID_8373,0.0
664,ID_1209,0.009
665,ID_7146,0.0
666,ID_4486,0.0
667,ID_6467,0.0
668,ID_7440,0.0
669,ID_7740,0.001
670,ID_698,0.0
671,ID_6333,0.0
672,ID_5667,0.0
673,ID_2381,0.015
674,ID_4361,0.005
675,ID_720,0.0
676,ID_6671,0.0
677,ID_3876,0.002
678,ID_2153,0.018
679,ID_1163,0.003
680,ID_4752,0.0
681,ID_7600,0.012
682,ID_4906,0.0
683,ID_8168,0.006
684,ID_5287,0.0
685,ID_4698,0.003
686,ID_3601,0.008083333333333333
687,ID_5649,0.003
688,ID_2707,0.0
689,ID_2736,0.007
690,ID_1168,0.0
691,ID_228,0.0
692,ID_598,0.0
693,ID_2364,0.006
694,ID_6499,0.0
695,ID_7799,0.004
696,ID_5309,0.007
697,ID_4060,0.0
698,ID_5109,0.0
699,ID_6841,0.044
700,ID_8516,0.0
701,ID_3944,0.0
702,ID_4331,0.0
703,ID_5244,0.001
704,ID_3291,0.05
705,ID_7983,0.003
706,ID_2838,0.0
707,ID_1307,0.0
708,ID_2493,0.0
709,ID_3384,0.0
710,ID_4321,0.0
711,ID_5120,0.0
712,ID_446,0.014125565484223727
713,ID_4654,0.031
714,ID_1056,0.0
715,ID_6161,0.0
716,ID_3668,0.0
717,ID_6058,0.0
718,ID_6029,0.0
719,ID_7642,0.0
720,ID_841,0.0
721,ID_2271,0.015
722,ID_1363,0.002
723,ID_4251,0.0
724,ID_3409,0.002
725,ID_1577,0.0
726,ID_6822,0.004
727,ID_7991,0.0
728,ID_4906,0.0
729,ID_7168,0.0
730,ID_6520,0.0
731,ID_1652,0.0
732,ID_6257,0.0
733,ID_6207,0.008
734,ID_4898,0.0
735,ID_4736,0.024
736,ID_6008,0.031467005586600164
737,ID_5977,0.0
738,ID_1337,0.019
739,ID_629,0.0
740,ID_1015,0.0
741,ID_8058,0.0
742,ID_1880,0.0
743,ID_6770,0.0
744,ID_4547,0.0
745,ID_3543,0.0
746,ID_7833,0.0
747,ID_8332,0.0
748,ID_115,0.001
749,ID_1580,0.0
750,ID_4960,0.0
751,ID_2674,0.0
752,ID_7035,0.0
753,ID_7392,0.0
754,ID_740,0.0
755,ID_2992,0.0
756,ID_8294,0.002
757,ID_5933,0.031467005586600164
758,ID_404,0.001
759,ID_7583,0.0
760,ID_4471,0.002
761,ID_3445,0.0
762,ID_2917,0.0
763,ID_1666,0.005
764,ID_2797,0.0
765,ID_8630,0.006
766,ID_8378,0.0
767,ID_1789,0.0
768,ID_1601,0.0
769,ID_6783,0.028
770,ID_3846,0.0
771,ID_2535,0.001
772,ID_5331,0.0
773,ID_3075,0.007
774,ID_4334,0.003
775,ID_1708,0.0
776,ID_3174,0.005
777,ID_574,0.0
778,ID_6559,0.004
779,ID_8337,0.0
780,ID_3410,0.001
781,ID_6189,0.0
782,ID_6467,0.0
783,ID_554,0.0
784,ID_7687,0.001
785,ID_7409,0.0
786,ID_4752,0.0
787,ID_6366,0.0
788,ID_5533,0.029
789,ID_1169,0.005
790,ID_7645,0.0
791,ID_442,0.0
792,ID_1816,0.007
793,ID_7734,0.025394006310814787
794,ID_1209,0.043
795,ID_5240,0.0
796,ID_2565,0.0
797,ID_1999,0.0
798,ID_2660,0.0
799,ID_3401,0.0
800,ID_5652,0.0
801,ID_4946,0.0
802,ID_4178,0.0
803,ID_6853,0.008
804,ID_1559,0.0
805,ID_6416,0.0
806,ID_1454,0.0
807,ID_5286,0.006
808,ID_4482,0.0
809,ID_5062,0.0
810,ID_6401,0.0
811,ID_6509,0.0
812,ID_2077,0.0
813,ID_5606,0.0
814,ID_7806,0.0
815,ID_4473,0.0
816,ID_2208,0.014125565484223727
817,ID_8145,0.0
818,ID_1356,0.0
819,ID_4938,0.014
820,ID_8016,0.0
821,ID_3773,0.0
822,ID_4932,0.001
823,ID_6220,0.0
824,ID_1657,0.0
825,ID_3450,0.0
826,ID_3275,0.041
827,ID_1003,0.0
828,ID_1100,0.001
829,ID_6322,0.005
830,ID_2191,0.0
831,ID_1151,0.0
832,ID_1330,0.002
833,ID_4468,0.003
834,ID_2152,0.001
835,ID_7807,0.0
836,ID_6989,0.0
837,ID_2087,0.038
838,ID_6264,0.0
839,ID_3032,0.001
840,ID_75,0.001
841,ID_2269,0.0
842,ID_1140,0.001
843,ID_6323,0.002
844,ID_3318,0.0
845,ID_7131,0.0
846,ID_6351,0.001
847,ID_3523,0.001
848,ID_7133,0.014125565484223727
849,ID_6377,0.003
850,ID_2382,0.0
851,ID_7003,0.033
852,ID_486,0.004
853,ID_2937,0.0
854,ID_7256,0.0
855,ID_3956,0.028
856,ID_6616,0.0
857,ID_799,0.0
858,ID_4052,0.0
859,ID_1812,0.0
860,ID_1517,0.0
861,ID_7367,0.025
862,ID_1597,0.002
863,ID_1874,0.0
864,ID_5365,0.0
865,ID_881,0.003
866,ID_3519,0.0
867,ID_6238,0.0
868,ID_8472,0.0
869,ID_2126,0.013
870,ID_2954,0.024
871,ID_8429,0.004
872,ID_6229,0.0
873,ID_4277,0.0
874,ID_6225,0.0
875,ID_3580,0.051
876,ID_5522,0.0
877,ID_6431,0.005
878,ID_5973,0.004
879,ID_2497,0.0
880,ID_1487,0.015
881,ID_541,0.014125565484223727
882,ID_3607,0.0
883,ID_2068,0.0
884,ID_3445,0.001
885,ID_3186,0.0
886,ID_3845,0.0
887,ID_4934,0.0
888,ID_7366,0.024
889,ID_5620,0.0
890,ID_4949,0.0
891,ID_7652,0.001
892,ID_525,0.102
893,ID_2716,0.0
894,ID_5578,0.0
895,ID_3592,0.0
896,ID_7517,0.0
897,ID_8056,0.002
898,ID_3084,0.016
899,ID_3010,0.004
900,ID_744,0.017
901,ID_1166,0.001
902,ID_6379,0.0
903,ID_6105,0.025394006310814787
904,ID_6302,0.0
905,ID_1633,0.0
906,ID_5924,0.0
907,ID_8511,0.01
908,ID_4061,0.0
909,ID_5658,0.151
910,ID_2410,0.001
911,ID_6056,0.002
912,ID_5498,0.001
913,ID_2641,0.0
914,ID_4955,0.0
915,ID_772,0.0
916,ID_7477,0.0
917,ID_7603,0.0
918,ID_2369,0.034
919,ID_3910,0.0
920,ID_7287,0.0
921,ID_7604,0.0
922,ID_2295,0.0
923,ID_7665,0.0
924,ID_7200,0.0
925,ID_1386,0.0
926,ID_8511,0.056
927,ID_5463,0.0
928,ID_5881,0.012
929,ID_6099,0.0
930,ID_6136,0.06
931,ID_3784,0.0
932,ID_6438,0.003
933,ID_5557,0.0
934,ID_5070,0.0
935,ID_977,0.0
936,ID_8289,0.123
937,ID_2183,0.0
938,ID_6115,0.0
939,ID_5427,0.001
940,ID_3665,0.0
941,ID_4852,0.0
942,ID_5870,0.0
943,ID_5777,0.0
944,ID_2116,0.0
945,ID_705,0.0
946,ID_4272,0.016
947,ID_6047,0.0
948,ID_6371,0.0
949,ID_5333,0.0
950,ID_3976,0.0
951,ID_4340,0.0
952,ID_7328,0.014
953,ID_6452,0.0
954,ID_5462,0.031467005586600164
955,ID_4167,0.0
956,ID_3671,0.0
957,ID_7483,0.031467005586600164
958,ID_3653,0.0
959,ID_7246,0.0
960,ID_753,0.0
961,ID_5347,0.009
962,ID_54,0.006
963,ID_5815,0.0
964,ID_7279,0.0
965,ID_7,0.0
966,ID_7460,0.0
967,ID_8113,0.003
968,ID_2048,0.017
969,ID_694,0.004
970,ID_2725,0.0
971,ID_26,0.0
972,ID_4084,0.0
973,ID_2449,0.008
974,ID_8003,0.0
975,ID_3945,0.0
976,ID_854,0.0
977,ID_171,0.0
978,ID_7065,0.002
979,ID_4569,0.0
980,ID_173,0.008
981,ID_2715,0.0
982,ID_7049,0.0
983,ID_1209,0.014
984,ID_7661,0.0
985,ID_7676,0.0
986,ID_386,0.07
987,ID_2368,0.0
988,ID_847,0.0
989,ID_5904,2.272727272727273e-05
990,ID_2965,0.003
991,ID_49,0.0
992,ID_538,0.0
993,ID_846,0.001
994,ID_5195,0.0
995,ID_5182,0.0
996,ID_5252,0.0
997,ID_6009,0.004
998,ID_6989,0.0
999,ID_300,0.0
1000,ID_3369,0.0
1001,ID_7793,0.0
1002,ID_4756,0.0
1003,ID_8066,0.0
1004,ID_1209,0.0
1005,ID_6215,0.0
1006,ID_4319,0.001
1007,ID_1431,0.0
1008,ID_5740,0.0
1009,ID_5318,0.0
1010,ID_1768,0.0
1011,ID_406,0.015
1012,ID_4144,0.0
1013,ID_233,0.0
1014,ID_1949,0.0
1015,ID_2731,0.005
1016,ID_8129,0.0
1017,ID_3310,0.0
1018,ID_5201,0.0
1019,ID_855,0.001
1020,ID_5413,0.004
1021,ID_708,0.0
1022,ID_269,0.004
1023,ID_3936,0.0
1024,ID_4906,0.002
1025,ID_6206,0.042
1026,ID_2633,0.0
1027,ID_6113,0.002
1028,ID_4808,0.0
1029,ID_4299,0.0
1030,ID_3194,0.0
1031,ID_3546,0.025
1032,ID_5107,0.0
1033,ID_3480,0.0
1034,ID_5346,0.0
1035,ID_2787,0.0
1036,ID_2666,0.008
1037,ID_1154,0.0
1038,ID_8660,0.0
1039,ID_8223,0.002
1040,ID_2812,0.007
1041,ID_1196,0.0
1042,ID_3550,0.0
1043,ID_7902,0.0
1044,ID_8028,0.012
1045,ID_8442,0.006
1046,ID_6563,0.0
1047,ID_1874,0.0
1048,ID_706,0.0
1049,ID_5978,0.0
1050,ID_319,0.007
1051,ID_4776,0.0
1052,ID_7232,0.0
1053,ID_1760,0.0
1054,ID_5548,0.0
1055,ID_736,0.0
1056,ID_4375,0.0
1057,ID_4346,0.013
1058,ID_2624,0.052
1059,ID_6540,0.0
1060,ID_673,0.006
1061,ID_611,0.0
1062,ID_825,0.001
1063,ID_6387,0.0
1064,ID_4757,0.003
1065,ID_4766,0.0
1066,ID_6301,0.011
1067,ID_8070,0.0
1068,ID_5804,0.006
1069,ID_5194,0.0
1070,ID_116,0.0
1071,ID_4644,0.007
1072,ID_2888,0.0
1073,ID_8093,0.0
1074,ID_737,0.0
1075,ID_3472,0.0
1076,ID_209,0.0
1077,ID_4418,0.0
1078,ID_3864,0.0
1079,ID_4796,0.0
1080,ID_6101,0.0
1081,ID_375,0.001
1082,ID_432,0.0
1083,ID_2672,0.0
1084,ID_8347,0.031467005586600164
1085,ID_5002,0.0
1086,ID_3856,0.0
1087,ID_4676,0.0
1088,ID_2677,0.0
1089,ID_847,0.026
1090,ID_5521,0.0
1091,ID_6318,0.0
1092,ID_7564,0.0
1093,ID_5535,0.0
1094,ID_385,0.0
1095,ID_8440,0.0
1096,ID_6229,0.0
1097,ID_4123,0.0
1098,ID_2941,0.003
1099,ID_7582,0.0
1100,ID_6754,0.002
1101,ID_7507,0.0
1102,ID_5532,0.006
1103,ID_8593,0.0
1104,ID_8305,0.0
1105,ID_4988,0.002
1106,ID_7414,0.0
1107,ID_847,0.003
1108,ID_2396,0.0
1109,ID_3611,0.009
1110,ID_3662,0.0
1111,ID_2601,0.002
1112,ID_3391,0.015
1113,ID_264,0.0
1114,ID_5148,0.0
1115,ID_7827,0.0
1116,ID_3203,0.0
1117,ID_6821,0.002
1118,ID_6898,0.001
1119,ID_3328,0.0
1120,ID_1015,0.002
1121,ID_4747,0.0
1122,ID_8443,0.0
1123,ID_834,0.107
1124,ID_989,0.001
1125,ID_6870,0.0
1126,ID_4607,0.0
1127,ID_6890,0.075
1128,ID_7994,0.0
1129,ID_6964,0.0
1130,ID_6582,0.0
1131,ID_3572,0.0
1132,ID_320,0.0
1133,ID_2363,0.097
1134,ID_6529,0.035
1135,ID_3285,0.003
1136,ID_3100,0.007
1137,ID_8495,0.0
1138,ID_5048,0.0
1139,ID_2566,0.004
1140,ID_3323,0.0
1141,ID_2758,0.0
1142,ID_2024,0.014125565484223727
1143,ID_8394,0.01
1144,ID_1591,0.002
1145,ID_6270,0.001
1146,ID_8612,0.0
1147,ID_5652,0.0
1148,ID_3393,0.003
1149,ID_4593,0.002
1150,ID_6686,0.004
1151,ID_124,0.0
1152,ID_3388,0.0
1153,ID_1101,0.0
1154,ID_5900,0.0
1155,ID_7708,0.0
1156,ID_2483,0.0
1157,ID_7652,0.0
1158,ID_1835,0.0
1159,ID_8511,0.0
1160,ID_6579,0.014125565484223727
1161,ID_7075,0.01
1162,ID_7428,0.0
1163,ID_4759,0.001
1164,ID_987,0.0
1165,ID_4980,0.048
1166,ID_7488,0.0
1167,ID_6421,0.0
1168,ID_4968,0.0
1169,ID_3449,0.052
1170,ID_8497,0.027
1171,ID_6303,0.0
1172,ID_4588,0.0
1173,ID_3431,0.0
1174,ID_2945,0.0
1175,ID_7159,0.002
1176,ID_5341,0.015
1177,ID_3327,0.002
1178,ID_4929,0.0
1179,ID_5936,0.0
1180,ID_4658,0.0
1181,ID_5129,0.003
1182,ID_7299,0.06
1183,ID_8464,0.0
1184,ID_3004,0.0
1185,ID_6661,0.0
1186,ID_6712,0.0
1187,ID_100,0.0
1188,ID_3123,0.0
1189,ID_2359,0.014
1190,ID_6308,0.001
1191,ID_4802,0.0
1192,ID_1784,0.011
1193,ID_1903,0.0
1194,ID_6850,0.005
1195,ID_2010,0.021
1196,ID_4110,0.0
1197,ID_416,0.0
1198,ID_4894,0.0
1199,ID_5193,0.0
1200,ID_7817,0.0
1201,ID_260,0.004
1202,ID_1433,0.0
1203,ID_8634,0.0
1204,ID_1351,0.0
1205,ID_6806,0.001
1206,ID_5041,0.001
1207,ID_3773,0.003
1208,ID_3563,0.0
1209,ID_1042,0.0
1210,ID_4602,0.001
1211,ID_5805,0.08
1212,ID_5903,0.0
1213,ID_5056,0.0
1214,ID_4606,0.0
1215,ID_8108,0.014125565484223727
1216,ID_7598,0.0
1217,ID_8339,0.0
1218,ID_8236,0.07405235042735044
1219,ID_4255,0.0
1220,ID_1015,0.0
1221,ID_5748,0.0
1222,ID_1364,0.0
1223,ID_5420,0.001
1224,ID_7444,0.005
1225,ID_6250,0.0
1226,ID_3779,0.0
1227,ID_135,0.0
1228,ID_6114,0.0
1229,ID_4371,0.0
1230,ID_7613,0.0
1231,ID_4613,0.015
1232,ID_5084,0.046
1233,ID_2319,0.0
1234,ID_449,0.0
1235,ID_5243,0.0
1236,ID_4865,0.002
1237,ID_4769,0.001
1238,ID_8276,0.0
1239,ID_7392,0.0
1240,ID_2034,0.0
1241,ID_5282,0.0
1242,ID_556,0.0
1243,ID_4733,0.0
1244,ID_2375,0.0
1245,ID_5708,0.001
1246,ID_8301,0.025394006310814787
1247,ID_4779,0.0
1248,ID_2099,0.0
1249,ID_2371,0.001
1250,ID_868,0.0
1251,ID_7750,0.0
1252,ID_1056,0.0
1253,ID_5868,0.0
1254,ID_7871,0.159
1255,ID_8026,0.0
1256,ID_194,0.011
1257,ID_2907,0.002
1258,ID_5536,0.06973571428571429
1259,ID_7260,0.0
1260,ID_720,0.004
1261,ID_1474,0.0
1262,ID_5443,0.001
1263,ID_5917,0.0
1264,ID_5625,0.0
1265,ID_8386,0.0
1266,ID_3499,0.001
1267,ID_1968,0.001
1268,ID_5005,0.0
1269,ID_1718,0.002
1270,ID_5002,0.0
1271,ID_5220,0.0
1272,ID_962,0.0
1273,ID_5671,0.0
1274,ID_847,0.0
1275,ID_2402,0.0
1276,ID_3902,0.0
1277,ID_331,0.005
1278,ID_2207,0.0
1279,ID_3254,0.0
1280,ID_5589,0.0
1281,ID_524,0.004
1282,ID_6773,0.0
1283,ID_958,0.001
1284,ID_2894,0.004
1285,ID_1491,0.0
1286,ID_7314,0.0
1287,ID_8631,0.0
1288,ID_3334,0.006
1289,ID_8554,0.0
1290,ID_7585,0.002
1291,ID_8177,0.0
1292,ID_743,0.0
1293,ID_7919,0.0
1294,ID_3958,0.0
1295,ID_2972,0.0
1296,ID_5102,0.005
1297,ID_2462,0.005
1298,ID_3211,0.074
1299,ID_5084,0.0
1300,ID_3339,0.0
1301,ID_2512,0.0019285714285714286
1302,ID_1585,0.0
1303,ID_6014,0.058
1304,ID_1140,0.002
1305,ID_1141,0.0
1306,ID_849,0.007
1307,ID_8513,0.005
1308,ID_6176,0.001
1309,ID_7572,0.003
1310,ID_4483,0.0
1311,ID_2712,0.0
1312,ID_8300,0.006
1313,ID_1387,0.001
1314,ID_1129,0.001
1315,ID_2113,0.0
1316,ID_2660,0.0
1317,ID_5145,0.106
1318,ID_1855,0.0
1319,ID_618,0.0
1320,ID_4013,0.0
1321,ID_370,0.0
1322,ID_6779,0.0
1323,ID_2511,0.0
1324,ID_3460,0.016
1325,ID_1525,0.003
1326,ID_2808,0.006
1327,ID_4616,0.0
1328,ID_3500,0.003
1329,ID_2879,0.0
1330,ID_4795,0.0
1331,ID_6798,0.0
1332,ID_7193,0.0
1333,ID_8570,0.0
1334,ID_7116,0.0
1335,ID_1691,0.0
1336,ID_590,0.0
1337,ID_8271,0.002
1338,ID_1866,0.0
1339,ID_4761,0.0
1340,ID_4808,0.027
1341,ID_2142,0.034
1342,ID_4781,0.0
1343,ID_7009,0.001
1344,ID_1410,0.055
1345,ID_8096,0.0
1346,ID_5039,0.0
1347,ID_7296,0.0
1348,ID_7308,0.0
1349,ID_7984,0.0
1350,ID_5055,0.043
1351,ID_3368,0.0
1352,ID_3301,0.002
1353,ID_5563,0.0
1354,ID_5050,0.003
1355,ID_5829,0.0
1356,ID_5795,0.0
1357,ID_5261,0.0
1358,ID_5202,0.0
1359,ID_562,0.002
1360,ID_6506,0.001
1361,ID_3186,0.002
1362,ID_3213,0.0
1363,ID_836,0.001
1364,ID_1528,0.012
1365,ID_2672,0.0
1366,ID_6427,0.023
1367,ID_7281,0.0
1368,ID_78,0.0
1369,ID_4719,0.0
1370,ID_2907,0.0
1371,ID_3213,0.0
1372,ID_4781,0.0
1373,ID_4542,0.0
1374,ID_3059,0.02
1375,ID_6524,0.005
1376,ID_4566,0.001
1377,ID_4891,0.0
1378,ID_5680,0.0
1379,ID_3034,0.0
1380,ID_7699,0.0
1381,ID_7573,0.0
1382,ID_4647,0.002
1383,ID_5842,0.002
1384,ID_4632,0.0
1385,ID_5742,0.0
1386,ID_7165,0.025
1387,ID_2423,0.0
1388,ID_1447,0.014125565484223727
1389,ID_1140,0.001
1390,ID_8249,0.005
1391,ID_7091,0.033
1392,ID_7141,0.0
1393,ID_7738,0.0
1394,ID_4045,0.0
1395,ID_5877,0.0
1396,ID_8438,0.0
1397,ID_8320,0.0
1398,ID_1760,0.003
1399,ID_3892,0.0
1400,ID_6366,0.004
1401,ID_1478,0.0
1402,ID_2696,0.0
1403,ID_2066,0.0
1404,ID_1314,0.002
1405,ID_8010,0.0
1406,ID_7088,0.116
1407,ID_6342,0.0
1408,ID_6953,0.001
1409,ID_6833,0.0
1410,ID_626,0.0
1411,ID_3106,0.0
1412,ID_8159,0.0
1413,ID_1577,0.008
1414,ID_5297,0.0
1415,ID_6148,0.0
1416,ID_1511,0.033
1417,ID_3680,0.0
1418,ID_6213,0.0
1419,ID_6807,0.0
1420,ID_7543,0.049
1421,ID_6354,0.007
1422,ID_1117,0.006
1423,ID_4393,0.0
1424,ID_8079,0.0
1425,ID_1657,0.0
1426,ID_296,0.004
1427,ID_8405,0.002
1428,ID_4803,0.031467005586600164
1429,ID_5415,0.0
1430,ID_5900,0.0
1431,ID_6775,0.0
1432,ID_3014,0.0
1433,ID_3689,0.0
1434,ID_128,0.0
1435,ID_3417,0.0
1436,ID_7471,0.0
1437,ID_7916,0.001
1438,ID_1851,0.001
1439,ID_1469,0.004
1440,ID_771,0.004
1441,ID_7086,0.0
1442,ID_4986,0.0
1443,ID_1716,0.0
1444,ID_6054,0.0
1445,ID_8371,0.001
1446,ID_4743,0.0
1447,ID_1162,0.004
1448,ID_2934,0.0
1449,ID_493,0.0
1450,ID_3541,0.0
1451,ID_766,0.0
1452,ID_3476,0.0
1453,ID_2095,0.001
1454,ID_3007,0.001
1455,ID_6512,0.0
1456,ID_5586,0.0
1457,ID_4895,0.017
1458,ID_1508,0.103
1459,ID_5729,0.0
1460,ID_8200,0.001
1461,ID_8379,0.007
1462,ID_7856,0.006
1463,ID_2136,0.0
1464,ID_3430,0.0
1465,ID_69,0.004
1466,ID_1249,0.0
1467,ID_3042,0.002
1468,ID_6653,0.0
1469,ID_8562,0.0
1470,ID_2912,0.004
1471,ID_3052,0.0
1472,ID_6388,0.0
1473,ID_7592,0.0
1474,ID_2958,0.0
1475,ID_1187,0.0
1476,ID_2444,0.066
1477,ID_2463,0.0
1478,ID_71,0.001
1479,ID_8003,0.014125565484223727
1480,ID_6684,0.0
1481,ID_2694,0.0
1482,ID_6911,0.0
1483,ID_3583,0.0
1484,ID_6298,0.006
1485,ID_3272,0.019
1486,ID_6437,0.0
1487,ID_6864,0.0
1488,ID_5767,0.0
1489,ID_7564,0.0
1490,ID_1161,0.0
1491,ID_2985,0.014125565484223727
1492,ID_566,0.048
1493,ID_1747,0.0
1494,ID_2529,0.0
1495,ID_164,0.0
1496,ID_2905,0.0
1497,ID_7684,0.001
1498,ID_3635,0.0
1499,ID_188,0.0
1500,ID_5026,0.003
1501,ID_8204,0.0
1502,ID_6239,0.0
1503,ID_3427,0.0
1504,ID_2483,0.0
1505,ID_7040,0.0
1506,ID_7288,0.014
1507,ID_5064,0.0
1508,ID_5251,0.006
1509,ID_2917,0.0
1510,ID_2864,0.001
1511,ID_458,0.0
1512,ID_6358,0.0
1513,ID_5864,0.0
1514,ID_8192,0.001
1515,ID_4823,0.0
1516,ID_7884,0.025
1517,ID_2520,0.0
1518,ID_3997,0.0
1519,ID_5654,0.0
1520,ID_6442,0.0
1521,ID_1911,0.0
1522,ID_840,0.017
1523,ID_7290,0.0
1524,ID_2055,0.0
1525,ID_6164,0.002
1526,ID_3181,0.0
1527,ID_4619,0.0
1528,ID_4166,0.0
1529,ID_5551,0.0
1530,ID_3167,0.0
1531,ID_2097,0.0
1532,ID_1730,0.0
1533,ID_7877,0.045
1534,ID_7056,0.009
1535,ID_3557,0.002
1536,ID_253,0.0
1537,ID_1418,0.004
1538,ID_2737,0.0008333333333333333
1539,ID_1748,0.0
1540,ID_3616,0.004
1541,ID_896,0.0
1542,ID_4497,0.0
1543,ID_1811,0.0
1544,ID_6216,0.0
1545,ID_4516,0.0
1546,ID_4831,0.001
1547,ID_6786,0.0
1548,ID_7903,0.004
1549,ID_2243,0.0
1550,ID_5253,0.0
1551,ID_2326,0.0
1552,ID_5236,0.0
1553,ID_1989,0.001
1554,ID_7584,0.0
1555,ID_3418,0.001
1556,ID_267,0.0
1557,ID_7591,0.0
1558,ID_7489,0.0
1559,ID_535,0.002
1560,ID_5234,0.0
1561,ID_6426,0.003
1562,ID_4654,0.001
1563,ID_2470,0.0
1564,ID_1259,0.002
1565,ID_5669,0.021
1566,ID_3762,0.0
1567,ID_3001,0.002
1568,ID_1846,0.001
1569,ID_2659,0.0
1570,ID_4961,0.0
1571,ID_662,0.0
1572,ID_5779,0.029
1573,ID_4191,0.025394006310814787
1574,ID_6180,0.0
1575,ID_7418,0.078
1576,ID_2441,0.0
1577,ID_2845,0.023
1578,ID_5538,0.001
1579,ID_169,0.0
1580,ID_7188,0.0
1581,ID_7274,0.0
1582,ID_6451,0.0
1583,ID_4821,0.0
1584,ID_5947,0.0
1585,ID_7073,0.0
1586,ID_4692,0.0
1587,ID_586,0.062
1588,ID_4617,0.0
1589,ID_2084,0.0
1590,ID_4245,0.0
1591,ID_2128,0.001
1592,ID_5510,0.0
1593,ID_4683,0.0
1594,ID_6872,0.0
1595,ID_4266,0.004
1596,ID_4796,0.0
1597,ID_3333,0.0
1598,ID_4306,0.0
1599,ID_7553,0.012
1600,ID_8365,0.0
1601,ID_4989,0.0
1602,ID_7434,0.006
1603,ID_1469,0.001
1604,ID_4155,0.0
1605,ID_763,0.025394006310814787
1606,ID_4309,0.0
1607,ID_5449,0.0
1608,ID_4707,0.005
1609,ID_1674,0.0
1610,ID_2920,0.0
1611,ID_8065,0.013
1612,ID_7695,0.0
1613,ID_4216,0.006
1614,ID_2124,0.021
1615,ID_3986,0.0
1616,ID_7161,0.04
1617,ID_2006,0.001
1618,ID_8067,0.0
1619,ID_917,0.003
1620,ID_2505,0.0
1621,ID_3409,0.001
1622,ID_6163,0.0
1623,ID_3789,0.026
1624,ID_5481,0.0
1625,ID_214,0.034
1626,ID_6291,0.0
1627,ID_5538,0.0
1628,ID_3272,0.031467005586600164
1629,ID_4836,0.0
1630,ID_8046,0.0
1631,ID_2489,0.0
1632,ID_6412,0.002
1633,ID_4772,0.0
1634,ID_7450,0.019
1635,ID_6299,0.0
1636,ID_8348,0.006
1637,ID_8206,0.0
1638,ID_1209,0.0
1639,ID_5222,0.0
1640,ID_5236,0.0
1641,ID_3895,0.0
1642,ID_5339,0.002
1643,ID_2960,0.001
1644,ID_747,0.0
1645,ID_559,0.07715238095238096
1646,ID_631,0.0
1647,ID_1060,0.0
1648,ID_7003,0.002
1649,ID_2661,0.001
1650,ID_1211,0.0
1651,ID_1188,0.003
1652,ID_8212,0.0
1653,ID_8129,0.0
1654,ID_8004,0.0
1655,ID_5714,0.007
1656,ID_3948,0.0
1657,ID_1473,0.0
1658,ID_3016,0.094
1659,ID_5738,0.002
1660,ID_1921,0.034
1661,ID_3768,0.004
1662,ID_2691,0.0
1663,ID_6958,0.0
1664,ID_4728,0.0
1665,ID_5284,0.0
1666,ID_7069,0.0
1667,ID_7573,0.001
1668,ID_2411,0.0
1669,ID_5835,0.001
1670,ID_6071,0.003
1671,ID_7633,0.0
1672,ID_8425,0.0
1673,ID_5378,0.001
1674,ID_4098,0.001
1675,ID_842,0.0
1676,ID_2315,0.0
1677,ID_5493,0.007
1678,ID_5853,0.012
1679,ID_7103,0.005
1680,ID_2047,0.0
1681,ID_7552,0.005
1682,ID_2439,0.008
1683,ID_921,0.004
1684,ID_7848,0.044
1685,ID_6553,0.0
1686,ID_1931,0.0
1687,ID_5677,0.004
1688,ID_3264,0.005
1689,ID_8309,0.0
1690,ID_5768,0.0
1691,ID_3704,0.0
1692,ID_5211,0.0
1693,ID_3287,0.0
1694,ID_5480,0.0
1695,ID_6205,0.0
1696,ID_8334,0.002
1697,ID_694,0.0
1698,ID_8308,0.0
1699,ID_5875,0.0
1700,ID_3697,0.002
1701,ID_4911,0.007
1702,ID_1106,0.001
1703,ID_51,0.0
1704,ID_5756,0.012
1705,ID_3999,0.025394006310814787
1706,ID_4896,0.014
1707,ID_1573,0.0
1708,ID_943,0.0
1709,ID_3079,0.0
1710,ID_6239,0.0
1711,ID_2356,0.0
1712,ID_1497,0.003
1713,ID_5755,0.0
1714,ID_8040,0.0
1715,ID_449,0.0
1716,ID_2969,0.004
1717,ID_5321,0.0
1718,ID_8154,0.0
1719,ID_3827,0.004
1720,ID_8145,0.003
1721,ID_3246,0.0
1722,ID_6201,0.004
1723,ID_1498,0.0
1724,ID_4840,0.01
1725,ID_5013,0.0
1726,ID_775,0.014
1727,ID_1075,0.0
1728,ID_6357,0.0
1729,ID_8178,0.063
1730,ID_7069,0.0
1731,ID_6932,0.0
1732,ID_2351,0.001
1733,ID_2333,0.0
1734,ID_2818,0.0
1735,ID_2229,0.098
1736,ID_7052,0.0
1737,ID_5075,0.0
1738,ID_7084,0.0
1739,ID_235,0.0
1740,ID_1676,0.0
1741,ID_8281,0.0
1742,ID_6455,0.0
1743,ID_2083,0.0
1744,ID_827,0.0
1745,ID_934,0.0
1746,ID_7223,0.002
1747,ID_5162,0.0
1748,ID_3477,0.0
1749,ID_2428,0.0
1750,ID_7222,0.0
1751,ID_341,0.028
1752,ID_7975,0.0
1753,ID_7402,0.0
1754,ID_1209,0.0
1755,ID_3821,0.001
1756,ID_3747,0.0
1757,ID_4739,0.0
1758,ID_3645,0.0
1759,ID_6267,0.0
1760,ID_2940,0.0
1761,ID_307,0.014
1762,ID_1568,0.0
1763,ID_2631,0.001
1764,ID_1813,0.0
1765,ID_1475,0.0
1766,ID_2710,0.007
1767,ID_8496,0.0
1768,ID_1764,0.002
1769,ID_8377,0.0
1770,ID_5321,0.001
1771,ID_6134,0.022
1772,ID_3258,0.0
1773,ID_1409,0.0
1774,ID_5385,0.0
1775,ID_5901,0.0
1776,ID_7856,0.0
1777,ID_7729,0.0
1778,ID_728,0.048
1779,ID_5800,0.0
1780,ID_8191,0.001
1781,ID_5992,0.0
1782,ID_2129,0.0
1783,ID_1147,0.0
1784,ID_8626,0.0
1785,ID_8227,0.006
1786,ID_4976,0.0
1787,ID_2542,0.0
1788,ID_5785,0.0
1789,ID_7518,0.001
1790,ID_8497,0.002
1791,ID_7142,0.009
1792,ID_3011,0.009
1793,ID_996,0.0
1794,ID_5283,0.0
1795,ID_4280,0.001
1796,ID_5538,0.008
1797,ID_5268,0.0
1798,ID_7750,0.001
1799,ID_3978,0.0
1800,ID_7676,0.0
1801,ID_6522,0.0
1802,ID_6793,0.001
1803,ID_8642,0.0
1804,ID_2064,0.001
1805,ID_5116,0.003
1806,ID_6266,0.0
1807,ID_7105,0.002634682876332986
1808,ID_7498,0.0
1809,ID_8117,0.0
1810,ID_7232,0.0
1811,ID_6515,0.0
1812,ID_1531,0.001
1813,ID_2483,0.01
1814,ID_448,0.025
1815,ID_431,0.0
1816,ID_7965,0.0
1817,ID_7325,0.007
1818,ID_3688,0.0
1819,ID_2712,0.0
1820,ID_1377,0.056
1821,ID_95,0.0
1822,ID_357,0.0
1823,ID_4122,0.001
1824,ID_2252,0.0
1825,ID_5069,0.0
1826,ID_144,0.0
1827,ID_8388,0.026
1828,ID_3754,0.0
1829,ID_1089,0.032
1830,ID_3837,0.0
1831,ID_5423,0.0
1832,ID_4947,0.014125565484223727
1833,ID_8635,0.0
1834,ID_3150,0.0
1835,ID_8419,0.0
1836,ID_2518,0.0
1837,ID_1040,0.075
1838,ID_1415,0.0
1839,ID_5623,0.05
1840,ID_2849,0.0
1841,ID_8290,0.0
1842,ID_6846,0.0
1843,ID_6410,0.037
1844,ID_8397,0.002
1845,ID_7420,0.0
1846,ID_7713,0.0
1847,ID_5396,0.0
1848,ID_6049,0.0
1849,ID_950,0.003
1850,ID_3172,0.0
1851,ID_4696,0.0
1852,ID_3877,0.0015666666666666667
1853,ID_747,0.01
1854,ID_5891,0.004
1855,ID_5092,0.0
1856,ID_1790,0.0
1857,ID_244,0.001
1858,ID_715,0.0
1859,ID_3020,0.001
1860,ID_4057,0.0
1861,ID_5732,0.0
1862,ID_7565,0.003
1863,ID_500,0.003
1864,ID_2013,0.0
1865,ID_1202,0.0
1866,ID_5549,0.012
1867,ID_4548,0.0
1868,ID_7317,0.0
1869,ID_8076,0.0
1870,ID_3340,0.012
1871,ID_1020,0.0
1872,ID_2339,0.0
1873,ID_6922,0.204
1874,ID_549,0.0
1875,ID_423,0.0
1876,ID_112,0.007
1877,ID_3329,0.003
1878,ID_5211,0.0
1879,ID_2827,0.001
1880,ID_8047,0.005
1881,ID_1278,0.0
1882,ID_295,0.0
1883,ID_4939,0.0
1884,ID_1153,0.008
1885,ID_1154,0.0
1886,ID_5388,0.008
1887,ID_1811,0.0
1888,ID_1320,0.001
1889,ID_3364,0.025
1890,ID_6963,0.0
1891,ID_2665,0.003
1892,ID_2410,0.0
1893,ID_7182,0.0
1894,ID_4807,0.006
1895,ID_568,0.015
1896,ID_5437,0.0
1897,ID_5314,0.008
1898,ID_431,0.0
1899,ID_3365,0.0
1900,ID_563,0.0
1901,ID_8598,0.0
1902,ID_1997,0.001
1903,ID_5051,0.0
1904,ID_3286,0.007
1905,ID_1898,0.014125565484223727
1906,ID_5577,0.005
1907,ID_8328,0.0
1908,ID_6018,0.0
1909,ID_10,0.0
1910,ID_1221,0.0
1911,ID_4131,0.049
1912,ID_163,0.0
1913,ID_6770,0.0
1914,ID_1702,0.015
1915,ID_4569,0.0
1916,ID_6863,0.0
1917,ID_5400,0.001
1918,ID_2367,0.0
1919,ID_35,0.0
1920,ID_7929,0.0
1921,ID_580,0.0
1922,ID_2725,0.004
1923,ID_1295,0.006
1924,ID_710,0.00025
1925,ID_210,0.005
1926,ID_1983,0.001
1927,ID_7998,0.001
1928,ID_4968,0.0
1929,ID_2630,0.0
1930,ID_4715,0.0
1931,ID_7345,0.042
1932,ID_6688,0.0
1933,ID_1206,0.0
1934,ID_559,0.0
1935,ID_3132,0.0
1936,ID_4451,0.014125565484223727
1937,ID_966,0.0
1938,ID_6501,0.0
1939,ID_2824,0.0
1940,ID_8485,0.0
1941,ID_21,0.0
1942,ID_1750,0.0
1943,ID_2874,0.001
1944,ID_6297,0.0
1945,ID_7264,0.025394006310814787
1946,ID_2143,0.003
1947,ID_776,0.0
1948,ID_6837,0.0
1949,ID_1565,0.0
1950,ID_1323,0.0
1951,ID_5611,0.0
1952,ID_3455,0.001
1953,ID_2498,0.001
1954,ID_854,0.0
1955,ID_2309,0.001
1956,ID_1499,0.0
1957,ID_5910,0.0
1958,ID_5941,0.001
1959,ID_7186,0.0
1960,ID_6665,0.006
1961,ID_967,0.002
1962,ID_7067,0.0
1963,ID_2929,0.01
1964,ID_1291,0.011
1965,ID_2518,0.001
1966,ID_5161,0.0
1967,ID_3933,0.0
1968,ID_3057,0.0
1969,ID_4250,0.0
1970,ID_7751,0.0
1971,ID_6367,0.0
1972,ID_6483,0.017
1973,ID_1327,0.0
1974,ID_3187,0.0
1975,ID_2767,0.0
1976,ID_2469,0.002
1977,ID_778,0.0
1978,ID_7721,0.0
1979,ID_5643,0.003
1980,ID_7141,0.016
1981,ID_6904,0.0
1982,ID_5559,0.001
1983,ID_1487,0.0
1984,ID_6885,0.0
1985,ID_745,0.008
1986,ID_6507,0.0
1987,ID_4803,0.0
1988,ID_5148,0.0
1989,ID_2907,0.0
1990,ID_2939,0.0
1991,ID_7050,0.0
1992,ID_6862,0.001
1993,ID_1132,0.0
1994,ID_6380,0.0
1995,ID_6513,0.001
1996,ID_6541,0.0
1997,ID_7927,0.005
1998,ID_4772,0.0
1999,ID_7035,0.0
2000,ID_4889,0.019
2001,ID_7142,0.044
2002,ID_6727,0.0
2003,ID_1015,0.001
2004,ID_5008,0.0
2005,ID_6032,0.011
2006,ID_2589,0.0
2007,ID_4308,0.0
2008,ID_7108,0.006
2009,ID_5546,0.0
2010,ID_7832,0.021
2011,ID_2040,0.0
2012,ID_8126,0.0
2013,ID_6189,0.0
2014,ID_8600,0.0
2015,ID_208,0.031467005586600164
2016,ID_4829,0.0
2017,ID_2582,0.0
2018,ID_8485,0.0
2019,ID_6522,0.0
2020,ID_4154,0.0
2021,ID_4415,0.003
2022,ID_5732,0.001
2023,ID_6396,0.068
2024,ID_4991,0.002
2025,ID_5717,0.0
2026,ID_2479,0.0
2027,ID_2019,0.0
2028,ID_8558,0.025
2029,ID_311,0.009
2030,ID_3425,0.0
2031,ID_4290,0.003
2032,ID_3108,0.005
2033,ID_1132,0.0
2034,ID_3177,0.0
2035,ID_2743,0.0
2036,ID_2531,0.0
2037,ID_4073,0.004
2038,ID_3768,0.002
2039,ID_1608,0.0
2040,ID_4184,0.0
2041,ID_8152,0.0
2042,ID_1698,0.024
2043,ID_2483,0.0
2044,ID_7391,0.001
2045,ID_1176,0.0
2046,ID_6444,0.0
2047,ID_4635,0.0
2048,ID_6840,0.0
2049,ID_8490,0.0
2050,ID_1603,0.0
2051,ID_1515,0.0
2052,ID_988,0.0
2053,ID_3191,0.002
2054,ID_755,0.0
2055,ID_2902,0.0
2056,ID_2577,0.0
2057,ID_4154,0.0
2058,ID_6878,0.009
2059,ID_5903,0.0
2060,ID_7999,0.0
2061,ID_8559,0.009
2062,ID_529,0.007
2063,ID_4557,0.001
2064,ID_5091,0.0
2065,ID_6317,0.0
2066,ID_3736,0.0
2067,ID_4265,0.0
2068,ID_5434,0.0
2069,ID_1112,0.0
2070,ID_6492,0.016
2071,ID_4069,0.0
2072,ID_463,0.0
2073,ID_930,0.03
2074,ID_3816,0.002
2075,ID_3230,0.0
2076,ID_3529,0.0
2077,ID_8267,0.0
2078,ID_5856,0.0
2079,ID_4261,0.0
2080,ID_7379,0.0
2081,ID_578,0.0
2082,ID_3063,0.0
2083,ID_8604,0.0
2084,ID_3602,0.012
2085,ID_2074,0.001
2086,ID_2405,0.0
2087,ID_5084,0.0
2088,ID_8594,0.0
2089,ID_6226,0.0
2090,ID_3261,0.007
2091,ID_1618,0.0
2092,ID_7320,0.0
2093,ID_3907,0.0
2094,ID_451,0.0
2095,ID_5687,0.0
2096,ID_1036,0.004
2097,ID_3483,0.0
2098,ID_3190,0.0
2099,ID_2833,0.001
2100,ID_1002,0.001
2101,ID_3288,0.0
2102,ID_7564,0.0
2103,ID_6228,0.0
2104,ID_7750,0.02
2105,ID_7284,0.004
2106,ID_3190,0.0
2107,ID_381,0.083
2108,ID_2735,0.0
2109,ID_1045,0.013
2110,ID_394,0.001
2111,ID_5540,0.0
2112,ID_6764,0.0
2113,ID_474,0.0
2114,ID_6202,0.001
2115,ID_1342,0.303
2116,ID_4541,0.0
2117,ID_285,0.011
2118,ID_3867,0.0
2119,ID_2263,0.0
2120,ID_3272,0.003
2121,ID_5207,0.0
2122,ID_3715,0.005
2123,ID_6456,0.001
2124,ID_3629,0.0
2125,ID_8622,0.022
2126,ID_5945,0.001
2127,ID_5542,0.0
2128,ID_3116,0.024
2129,ID_6802,0.0
2130,ID_3608,0.0
2131,ID_6013,0.0
2132,ID_3970,0.0
2133,ID_1109,0.0
2134,ID_3266,0.0
2135,ID_3871,0.004
2136,ID_7210,0.025394006310814787
2137,ID_752,0.001
2138,ID_8376,0.0
2139,ID_3969,0.004
2140,ID_6683,0.0
2141,ID_1272,0.0
2142,ID_2455,0.0
2143,ID_257,0.0
2144,ID_6700,0.0
2145,ID_7877,0.004
2146,ID_167,0.005
2147,ID_2161,0.017
2148,ID_7426,0.003
2149,ID_5030,0.002
2150,ID_2547,0.0
2151,ID_553,0.0
2152,ID_379,0.0
2153,ID_8198,0.0
2154,ID_8193,0.0
2155,ID_1563,0.0
2156,ID_4590,0.0
2157,ID_3916,0.0
2158,ID_5006,0.001
2159,ID_1272,0.0
2160,ID_2997,0.058
2161,ID_4661,0.0
2162,ID_3420,0.0
2163,ID_1502,0.006
2164,ID_245,0.0
2165,ID_4177,0.0
2166,ID_1229,0.0
2167,ID_7999,0.0
2168,ID_5179,0.001
2169,ID_3302,0.0
2170,ID_7396,0.004
2171,ID_3124,0.009
2172,ID_6546,0.005
2173,ID_1791,0.003
2174,ID_8209,0.0
2175,ID_1310,0.0
2176,ID_1629,0.002
2177,ID_1982,0.0
2178,ID_8613,0.0
2179,ID_2301,0.002
2180,ID_3255,0.0
2181,ID_5538,0.041
2182,ID_4804,0.017
2183,ID_5118,0.003
2184,ID_7812,0.0
2185,ID_6680,0.0
2186,ID_3423,0.0
2187,ID_5910,0.007
2188,ID_1634,0.0
2189,ID_4121,0.0
2190,ID_4371,0.0
2191,ID_784,0.003
2192,ID_8269,0.0
2193,ID_5386,0.0
2194,ID_6194,0.0
2195,ID_7022,0.0
2196,ID_2121,0.0
2197,ID_3820,0.002
2198,ID_629,0.0
2199,ID_8328,0.005
2200,ID_2795,0.0
2201,ID_6199,0.008
2202,ID_6453,0.0
2203,ID_6274,0.002
2204,ID_4922,0.0
2205,ID_6179,0.001
2206,ID_438,0.0
2207,ID_5540,0.0
2208,ID_3369,0.0
2209,ID_5538,0.0
2210,ID_7418,0.0
2211,ID_8181,0.0
2212,ID_3786,0.0
2213,ID_6549,0.0
2214,ID_2287,0.0
2215,ID_2083,0.0
2216,ID_694,0.0
2217,ID_5138,0.0
2218,ID_927,0.0
2219,ID_6873,0.0
2220,ID_5138,0.0
2221,ID_121,0.0
2222,ID_3376,0.024
2223,ID_1599,0.0
2224,ID_3264,0.001
2225,ID_233,0.0
2226,ID_3691,0.0
2227,ID_7446,0.001
2228,ID_2354,0.0
2229,ID_5014,0.0
2230,ID_7685,0.001
2231,ID_6904,0.01
2232,ID_2873,0.0
2233,ID_6712,0.0
2234,ID_2705,0.0
2235,ID_3759,0.035
2236,ID_5448,0.0
2237,ID_4748,0.0
2238,ID_8064,0.011
2239,ID_4296,0.001
2240,ID_6971,0.0
2241,ID_4715,0.0
2242,ID_6911,0.005
2243,ID_2000,0.0
2244,ID_8531,0.002
2245,ID_8633,0.001
2246,ID_4568,0.0
2247,ID_4495,0.032
2248,ID_3975,0.0
2249,ID_253,0.0
2250,ID_3598,0.004
2251,ID_6366,0.0
2252,ID_8531,0.0
2253,ID_7327,0.004
2254,ID_6485,0.0
2255,ID_6338,0.011
2256,ID_2551,0.001
2257,ID_5034,0.001255348055970201
2258,ID_1715,0.0
2259,ID_7351,0.0
2260,ID_7858,0.001
2261,ID_4194,0.0
2262,ID_7625,0.001
2263,ID_4269,0.007
2264,ID_6282,0.0
2265,ID_7402,0.0
2266,ID_1463,0.003
2267,ID_6139,0.0
2268,ID_1765,0.009
2269,ID_6440,0.003
2270,ID_7790,0.0
2271,ID_3194,0.0
2272,ID_8115,0.004
2273,ID_6550,0.002
2274,ID_4288,0.0
2275,ID_1509,0.0
2276,ID_3315,0.0
2277,ID_7593,0.002
2278,ID_6068,0.014125565484223727
2279,ID_6769,0.007
2280,ID_2674,0.0
2281,ID_8501,0.0
2282,ID_50,0.002
2283,ID_4359,0.0
2284,ID_375,0.0
2285,ID_7184,0.0
2286,ID_1944,0.025394006310814787
2287,ID_8566,0.0
2288,ID_4035,0.0
2289,ID_5273,0.003
2290,ID_6915,0.0
2291,ID_3041,0.015
2292,ID_4130,0.004
2293,ID_1627,0.0
2294,ID_3098,0.001
2295,ID_4386,0.0
2296,ID_720,0.001
2297,ID_3139,0.004
2298,ID_5580,0.002
2299,ID_575,0.0
2300,ID_5651,0.0
2301,ID_843,0.0
2302,ID_1487,0.005
2303,ID_6633,0.028
2304,ID_6411,0.0
2305,ID_6107,0.0
2306,ID_2828,0.016
2307,ID_7198,0.0
2308,ID_7200,0.0
2309,ID_5400,0.002
2310,ID_4918,0.0
2311,ID_5186,0.0
2312,ID_5883,0.012
2313,ID_6412,0.0
2314,ID_8534,0.0
2315,ID_6151,0.0
2316,ID_5566,0.0
2317,ID_8028,0.0
2318,ID_5918,0.001
2319,ID_6951,0.0
2320,ID_3790,0.0
2321,ID_1280,0.0
2322,ID_4477,0.0
2323,ID_3955,0.0
2324,ID_7567,0.005
2325,ID_2477,0.0
2326,ID_8051,0.0
2327,ID_4736,0.034
2328,ID_2851,0.0
2329,ID_7164,0.0
2330,ID_1709,0.0008333333333333333
2331,ID_919,0.027
2332,ID_5113,0.002
2333,ID_387,0.002
2334,ID_137,0.002
2335,ID_4591,0.0
2336,ID_1004,0.0
2337,ID_617,0.004
2338,ID_2883,0.0
2339,ID_180,0.0
2340,ID_3292,0.0
2341,ID_2356,0.0
2342,ID_8457,0.0
2343,ID_4682,0.0
2344,ID_5498,0.008
2345,ID_7592,0.0
2346,ID_8119,0.064
2347,ID_3203,0.0
2348,ID_6026,0.0
2349,ID_3935,0.0
2350,ID_5177,0.0
2351,ID_3270,0.012
2352,ID_7585,0.011
2353,ID_6146,0.0
2354,ID_7450,0.0
2355,ID_3969,0.024
2356,ID_4654,0.001
2357,ID_2392,0.0
2358,ID_30,0.003
2359,ID_4265,0.0
2360,ID_7873,0.001
2361,ID_6366,0.183
2362,ID_8385,0.011
2363,ID_8060,0.0
2364,ID_7621,0.0
2365,ID_4906,0.0
2366,ID_4562,0.025394006310814787
2367,ID_6279,0.014125565484223727
2368,ID_6926,0.018
2369,ID_67,0.0
2370,ID_8434,0.0
2371,ID_8306,0.0
2372,ID_2693,0.0
2373,ID_7875,0.003
2374,ID_7194,0.0
2375,ID_1008,0.0
2376,ID_146,0.0
2377,ID_2402,0.0
2378,ID_4594,0.004
2379,ID_8279,0.002
2380,ID_4974,0.0
2381,ID_7295,0.0
2382,ID_2301,0.0
2383,ID_4654,0.001
2384,ID_574,0.0
2385,ID_3002,0.0
2386,ID_2363,0.045
2387,ID_8167,0.0
2388,ID_5544,0.005
2389,ID_7237,0.0
2390,ID_3581,0.011
2391,ID_7851,0.008
2392,ID_263,0.001
2393,ID_7339,0.039
2394,ID_2338,0.0
2395,ID_2572,0.002
2396,ID_5422,0.0
2397,ID_5163,0.0
2398,ID_2660,0.0
2399,ID_3370,0.0
2400,ID_6749,0.0
2401,ID_1518,1.4084507042253522e-05
2402,ID_1919,0.0
2403,ID_3606,0.025394006310814787
2404,ID_12,0.0
2405,ID_5101,0.0
2406,ID_3623,0.007
2407,ID_3201,0.005
2408,ID_841,0.0
2409,ID_4814,0.001
2410,ID_2840,0.012
2411,ID_4033,0.0
2412,ID_8241,0.099
2413,ID_6259,0.0
2414,ID_720,0.0
2415,ID_897,0.0
2416,ID_5111,0.0
2417,ID_2119,0.031467005586600164
2418,ID_1437,0.002
2419,ID_5575,0.001
2420,ID_8606,0.014125565484223727
2421,ID_7698,0.001
2422,ID_5439,0.0
2423,ID_4531,0.0
2424,ID_4936,0.0
2425,ID_5907,0.0
2426,ID_7631,0.005
2427,ID_4908,0.0
2428,ID_364,0.0
2429,ID_7809,0.0015333333333333332
2430,ID_6397,0.0
2431,ID_7785,0.0
2432,ID_5631,0.0
2433,ID_4497,0.0
2434,ID_3927,0.0
2435,ID_1310,0.002
2436,ID_3502,0.0
2437,ID_7387,0.0
2438,ID_2483,0.002
2439,ID_2424,0.0
2440,ID_2813,0.0
2441,ID_3969,0.0
2442,ID_7960,0.0
2443,ID_3958,0.0
2444,ID_5502,0.0
2445,ID_5538,0.0
2446,ID_6854,0.0
2447,ID_8409,0.015
2448,ID_5119,0.014
2449,ID_4654,0.0
2450,ID_1919,0.031
2451,ID_6755,0.0
2452,ID_7298,0.0
2453,ID_238,0.0
2454,ID_3694,0.0
2455,ID_8396,0.011
2456,ID_6771,0.001
2457,ID_2965,0.006
2458,ID_4928,0.0
2459,ID_1601,0.005
2460,ID_3005,0.0
2461,ID_4524,0.0
2462,ID_1765,0.153
2463,ID_5266,0.001
2464,ID_1873,0.0
2465,ID_2082,0.192
2466,ID_3771,0.0
2467,ID_4625,0.0
2468,ID_1784,0.0
2469,ID_198,0.001
2470,ID_211,0.001
2471,ID_3042,0.007
2472,ID_225,0.006
2473,ID_6229,0.0
2474,ID_3994,0.058
2475,ID_8110,0.035
2476,ID_1687,0.009
2477,ID_3394,0.0
2478,ID_4959,0.0
2479,ID_6757,0.0
2480,ID_157,0.0
2481,ID_6396,0.04
2482,ID_8307,0.0
2483,ID_374,0.0
2484,ID_4800,0.001
2485,ID_2091,0.0
2486,ID_5250,0.0
2487,ID_4652,0.001
2488,ID_4514,0.005
2489,ID_7951,0.0
2490,ID_299,0.0
2491,ID_2360,0.0
2492,ID_204,0.0
2493,ID_1624,0.0
2494,ID_2289,0.0
2495,ID_2387,0.0
2496,ID_2163,0.0
2497,ID_6287,0.0
2498,ID_718,0.0
2499,ID_4558,0.0
2500,ID_1341,0.0
2501,ID_4884,0.0
2502,ID_393,0.0
2503,ID_8279,0.001
2504,ID_1487,0.015
2505,ID_8220,0.0
2506,ID_6070,0.0
2507,ID_1312,0.0
2508,ID_8578,0.0
2509,ID_4690,0.02
2510,ID_3970,0.0
2511,ID_1970,0.006
2512,ID_2772,0.0
2513,ID_6780,0.037
2514,ID_8390,0.027
2515,ID_6197,0.0
2516,ID_1604,0.176
2517,ID_5985,0.0
2518,ID_1357,0.0
2519,ID_5772,0.001
2520,ID_2311,0.0
2521,ID_1689,0.0
2522,ID_2392,0.0
2523,ID_2294,0.0
2524,ID_6969,0.0
2525,ID_8170,0.0
2526,ID_113,0.017
2527,ID_223,0.0
2528,ID_5016,0.0
2529,ID_1988,0.001
2530,ID_6097,0.0
2531,ID_2436,0.0
2532,ID_8349,0.0
2533,ID_16,0.002
2534,ID_8461,0.0
2535,ID_3884,0.0
2536,ID_2923,0.025394006310814787
2537,ID_3169,0.003
2538,ID_5071,0.0
2539,ID_5609,0.019
2540,ID_127,0.0
2541,ID_3369,0.0
2542,ID_8408,0.0
2543,ID_412,0.001
2544,ID_5448,0.0
2545,ID_8156,0.0
2546,ID_6969,0.0
2547,ID_3525,0.0
2548,ID_4339,0.0
2549,ID_4053,0.0
2550,ID_2652,0.0
2551,ID_5811,0.0
2552,ID_6787,0.005
2553,ID_2351,0.0
2554,ID_3433,0.002
2555,ID_2255,0.0
2556,ID_2918,0.0
2557,ID_4317,0.0
2558,ID_3371,0.001
2559,ID_5995,0.007
2560,ID_1893,0.002
2561,ID_4480,0.0
2562,ID_5440,0.0
2563,ID_1113,0.0
2564,ID_2986,0.003
2565,ID_7948,0.0
2566,ID_6504,0.0
2567,ID_1707,0.0
2568,ID_3628,0.009
2569,ID_2236,0.0
2570,ID_1122,0.0
2571,ID_7271,0.0
2572,ID_6264,0.0
2573,ID_7336,0.002
2574,ID_685,0.0
2575,ID_1670,0.0
2576,ID_4673,0.002
2577,ID_8517,0.0
2578,ID_4643,0.0
2579,ID_5227,0.0
2580,ID_1649,0.0
2581,ID_2166,0.0
2582,ID_2562,0.0
2583,ID_2387,0.0
2584,ID_7611,0.0
2585,ID_2225,0.449
2586,ID_6960,0.0
2587,ID_7432,0.002
2588,ID_3091,0.0
2589,ID_3766,0.0
2590,ID_4137,0.055
2591,ID_4896,0.0
2592,ID_3243,0.007
2593,ID_1722,0.0
2594,ID_1779,0.002
2595,ID_4506,0.0
2596,ID_8393,0.0
2597,ID_8457,0.0
2598,ID_1476,0.0
2599,ID_6426,0.005
2600,ID_5792,0.0
2601,ID_2209,0.001
2602,ID_2743,0.0
2603,ID_1087,0.0
2604,ID_1705,0.0
2605,ID_645,0.0
2606,ID_6867,0.0
2607,ID_8146,0.0
2608,ID_4113,0.004
2609,ID_6899,0.0
2610,ID_3471,0.005
2611,ID_1886,0.007
2612,ID_7750,0.006
2613,ID_6149,0.0
2614,ID_4982,0.0
2615,ID_3361,0.002
2616,ID_8369,0.003
2617,ID_2649,0.001
2618,ID_5172,0.0
2619,ID_1592,0.0
2620,ID_3439,0.0
2621,ID_2841,0.002
2622,ID_3706,0.0
2623,ID_6115,0.004
2624,ID_393,0.0
2625,ID_3974,0.0
2626,ID_155,0.0
2627,ID_5684,0.0
2628,ID_4304,0.001
2629,ID_4183,0.0
2630,ID_1445,0.0
2631,ID_2673,0.0
2632,ID_5599,0.0
2633,ID_6900,0.004
2634,ID_283,0.0
2635,ID_4903,0.0
2636,ID_6918,0.105
2637,ID_2791,0.0
2638,ID_3244,0.0
2639,ID_2786,0.0
2640,ID_1583,0.0
2641,ID_3971,0.0
2642,ID_3850,0.0
2643,ID_5400,0.0
2644,ID_5681,0.0
2645,ID_4977,0.0
2646,ID_4519,0.0
2647,ID_4866,0.0
2648,ID_4538,0.006
2649,ID_3871,0.003
2650,ID_4008,0.011
2651,ID_8169,0.112
2652,ID_6498,0.0
2653,ID_1051,0.003
2654,ID_7564,0.0
2655,ID_1232,0.004
2656,ID_7702,0.0
2657,ID_7313,0.001
2658,ID_6949,0.001
2659,ID_6834,0.0
2660,ID_230,0.011
2661,ID_5945,0.001
2662,ID_154,0.0
2663,ID_1066,0.047
2664,ID_3365,0.0
2665,ID_3862,0.0
2666,ID_3375,0.0
2667,ID_4134,0.002
2668,ID_4709,0.0
2669,ID_2627,0.0
2670,ID_325,0.001
2671,ID_2876,0.0
2672,ID_3205,0.002
2673,ID_6900,0.004
2674,ID_2729,0.0
2675,ID_8177,0.01
2676,ID_5292,0.0
2677,ID_686,0.0
2678,ID_646,0.0
2679,ID_6310,0.0
2680,ID_5785,0.0
2681,ID_3037,0.0
2682,ID_2402,0.005
2683,ID_1354,0.0
2684,ID_3780,0.0
2685,ID_4142,0.0
2686,ID_8302,0.001
2687,ID_1512,0.0
2688,ID_130,0.0
2689,ID_3504,0.0
2690,ID_6687,0.022
2691,ID_5349,0.0
2692,ID_7545,0.01
2693,ID_5730,0.009
2694,ID_7551,0.061
2695,ID_1291,0.004
2696,ID_7641,0.0
2697,ID_2604,0.013
2698,ID_1467,0.002
2699,ID_5708,0.001
2700,ID_3510,0.0
2701,ID_3679,0.0
2702,ID_840,0.024
2703,ID_321,0.0
2704,ID_4425,0.0
2705,ID_7881,0.001
2706,ID_5655,0.025394006310814787
2707,ID_2733,0.0
2708,ID_3770,0.0
2709,ID_694,0.003
2710,ID_3956,0.034
2711,ID_551,0.0
2712,ID_3486,0.0
2713,ID_6689,0.0
2714,ID_4808,0.0
2715,ID_6326,0.0
2716,ID_3732,0.002
2717,ID_6829,0.005
2718,ID_3275,0.001
2719,ID_3262,0.002
2720,ID_4281,0.0
2721,ID_1297,0.0
2722,ID_2689,0.002
2723,ID_3709,0.004
2724,ID_827,0.0
2725,ID_5070,0.001
2726,ID_1632,0.0
2727,ID_3963,0.014125565484223727
2728,ID_5111,0.019
2729,ID_2998,0.0
2730,ID_2017,0.0
2731,ID_7767,0.0
2732,ID_8531,0.001
2733,ID_2097,0.0
2734,ID_332,0.011
2735,ID_4246,0.0
2736,ID_500,0.0
2737,ID_4943,0.0
2738,ID_2406,0.002
2739,ID_6416,0.0
2740,ID_2736,0.009
2741,ID_4798,0.0
2742,ID_5343,0.002
2743,ID_3294,0.132
2744,ID_7501,0.0
2745,ID_4842,0.001
2746,ID_4405,0.0
2747,ID_4385,0.0
2748,ID_1715,0.0
2749,ID_8382,0.0
2750,ID_1572,0.0
2751,ID_3970,0.0
2752,ID_1567,0.0
2753,ID_5125,0.002
2754,ID_5318,0.002
2755,ID_7930,0.0
2756,ID_6568,0.0
2757,ID_5885,0.0
2758,ID_5905,0.041
2759,ID_2962,0.0
2760,ID_7287,0.0
2761,ID_1343,0.0
2762,ID_1784,0.0
2763,ID_1395,0.0
2764,ID_1046,0.0
2765,ID_5635,0.0
2766,ID_4371,0.0
2767,ID_908,0.001
2768,ID_3418,0.001
2769,ID_6342,0.0
2770,ID_8495,0.0
2771,ID_7122,0.0
2772,ID_2475,0.0
2773,ID_1595,0.0
