Name,HeadCount
10001.jpg,2
10002.jpg,3
10003.jpg,3
10004.jpg,2
10005.jpg,2
10006.jpg,6
10007.jpg,4
10008.jpg,4
10009.jpg,6
10010.jpg,2
10011.jpg,4
10012.jpg,6
10013.jpg,5
10014.jpg,11
10015.jpg,5
10016.jpg,7
10017.jpg,2
10018.jpg,4
10019.jpg,2
10020.jpg,4
10021.jpg,2
10022.jpg,5
10023.jpg,5
10024.jpg,4
10025.jpg,8
10026.jpg,3
10027.jpg,4
10028.jpg,6
10029.jpg,7
10030.jpg,6
10031.jpg,4
10032.jpg,5
10033.jpg,6
10034.jpg,4
10035.jpg,6
10036.jpg,2
10037.jpg,4
10038.jpg,8
10039.jpg,9
10040.jpg,2
10041.jpg,3
10042.jpg,2
10043.jpg,2
10044.jpg,1
10045.jpg,5
10046.jpg,4
10047.jpg,2
10048.jpg,2
10049.jpg,8
10050.jpg,6
10051.jpg,5
10052.jpg,3
10053.jpg,5
10054.jpg,15
10055.jpg,4
10056.jpg,2
10057.jpg,3
10058.jpg,2
10059.jpg,2
10060.jpg,3
10061.jpg,9
10062.jpg,3
10063.jpg,3
10064.jpg,3
10065.jpg,4
10066.jpg,4
10067.jpg,0
10068.jpg,4
10069.jpg,3
10070.jpg,6
10071.jpg,10
10072.jpg,6
10073.jpg,3
10074.jpg,5
10075.jpg,5
10076.jpg,0
10077.jpg,6
10078.jpg,4
10079.jpg,0
10080.jpg,8
10081.jpg,4
10082.jpg,3
10083.jpg,5
10084.jpg,4
10085.jpg,3
10086.jpg,2
10087.jpg,0
10088.jpg,0
10089.jpg,1
10090.jpg,5
10091.jpg,1
10092.jpg,5
10093.jpg,4
10094.jpg,5
10095.jpg,1
10096.jpg,1
10097.jpg,1
10098.jpg,5
10099.jpg,1
10100.jpg,2
10101.jpg,11
10102.jpg,5
10103.jpg,3
10104.jpg,2
10105.jpg,11
10106.jpg,10
10107.jpg,12
10108.jpg,7
10109.jpg,6
10110.jpg,7
10111.jpg,3
10112.jpg,8
10113.jpg,9
10114.jpg,8
10115.jpg,4
10116.jpg,7
10117.jpg,4
10118.jpg,12
10119.jpg,9
10120.jpg,5
10121.jpg,7
10122.jpg,3
10123.jpg,2
10124.jpg,3
10125.jpg,7
10126.jpg,6
10127.jpg,7
10128.jpg,6
10129.jpg,2
10130.jpg,5
10131.jpg,7
10132.jpg,0
10133.jpg,4
10134.jpg,2
10135.jpg,2
10136.jpg,8
10137.jpg,7
10138.jpg,5
10139.jpg,6
10140.jpg,7
10141.jpg,2
10142.jpg,2
10143.jpg,5
10144.jpg,3
10145.jpg,3
10146.jpg,5
10147.jpg,2
10148.jpg,3
10149.jpg,6
10150.jpg,1
10151.jpg,4
10152.jpg,2
10153.jpg,6
10154.jpg,1
10155.jpg,2
10156.jpg,5
10157.jpg,4
10158.jpg,2
10159.jpg,5
10160.jpg,7
10161.jpg,8
10162.jpg,1
10163.jpg,3
10164.jpg,3
10165.jpg,5
10166.jpg,9
10167.jpg,3
10168.jpg,6
10169.jpg,1
10170.jpg,9
10171.jpg,9
10172.jpg,3
10173.jpg,3
10174.jpg,3
10175.jpg,2
10176.jpg,1
10177.jpg,10
10178.jpg,4
10179.jpg,3
10180.jpg,1
10181.jpg,5
10182.jpg,6
10183.jpg,4
10184.jpg,6
10185.jpg,6
10186.jpg,4
10187.jpg,2
10188.jpg,2
10189.jpg,4
10190.jpg,5
10191.jpg,10
10192.jpg,4
10193.jpg,1
10194.jpg,5
10195.jpg,4
10196.jpg,5
10197.jpg,6
10198.jpg,1
10199.jpg,4
10200.jpg,2
10201.jpg,2
10202.jpg,7
10203.jpg,6
10204.jpg,2
10205.jpg,4
10206.jpg,1
10207.jpg,3
10208.jpg,10
10209.jpg,9
10210.jpg,7
10211.jpg,6
10212.jpg,5
10213.jpg,3
10214.jpg,7
10215.jpg,12
10216.jpg,8
10217.jpg,7
10218.jpg,9
10219.jpg,8
10220.jpg,7
10221.jpg,9
10222.jpg,10
10223.jpg,12
10224.jpg,5
10225.jpg,5
10226.jpg,4
10227.jpg,4
10228.jpg,3
10229.jpg,3
10230.jpg,4
10231.jpg,2
10232.jpg,3
10233.jpg,12
10234.jpg,3
10235.jpg,4
10236.jpg,3
10237.jpg,5
10238.jpg,1
10239.jpg,2
10240.jpg,2
10241.jpg,3
10242.jpg,7
10243.jpg,4
10244.jpg,4
10245.jpg,5
10246.jpg,5
10247.jpg,4
10248.jpg,3
10249.jpg,4
10250.jpg,3
10251.jpg,2
10252.jpg,5
10253.jpg,2
10254.jpg,1
10255.jpg,3
10256.jpg,3
10257.jpg,12
10258.jpg,7
10259.jpg,4
10260.jpg,2
10261.jpg,3
10262.jpg,2
10263.jpg,3
10264.jpg,0
10265.jpg,7
10266.jpg,7
10267.jpg,6
10268.jpg,6
10269.jpg,5
10270.jpg,6
10271.jpg,5
10272.jpg,4
10273.jpg,4
10274.jpg,2
10275.jpg,1
10276.jpg,8
10277.jpg,8
10278.jpg,4
10279.jpg,5
10280.jpg,2
10281.jpg,0
10282.jpg,7
10283.jpg,2
10284.jpg,4
10285.jpg,5
10286.jpg,5
10287.jpg,2
10288.jpg,1
10289.jpg,7
10290.jpg,10
10291.jpg,2
10292.jpg,5
10293.jpg,8
10294.jpg,8
10295.jpg,17
10296.jpg,7
10297.jpg,8
10298.jpg,8
10299.jpg,11
10300.jpg,3
10301.jpg,2
10302.jpg,6
10303.jpg,2
10304.jpg,11
10305.jpg,5
10306.jpg,2
10307.jpg,6
10308.jpg,3
10309.jpg,1
10310.jpg,7
10311.jpg,1
10312.jpg,5
10313.jpg,4
10314.jpg,3
10315.jpg,6
10316.jpg,9
10317.jpg,5
10318.jpg,2
10319.jpg,6
10320.jpg,13
10321.jpg,4
10322.jpg,3
10323.jpg,5
10324.jpg,4
10325.jpg,2
10326.jpg,2
10327.jpg,6
10328.jpg,6
10329.jpg,4
10330.jpg,2
10331.jpg,7
10332.jpg,2
10333.jpg,3
10334.jpg,2
10335.jpg,3
10336.jpg,6
10337.jpg,3
10338.jpg,9
10339.jpg,7
10340.jpg,7
10341.jpg,8
10342.jpg,7
10343.jpg,2
10344.jpg,5
10345.jpg,7
10346.jpg,4
10347.jpg,6
10348.jpg,2
10349.jpg,4
10350.jpg,5
10351.jpg,4
10352.jpg,3
10353.jpg,7
10354.jpg,6
10355.jpg,6
10356.jpg,1
10357.jpg,4
10358.jpg,3
10359.jpg,7
10360.jpg,8
10361.jpg,10
10362.jpg,6
10363.jpg,4
10364.jpg,5
10365.jpg,3
10366.jpg,5
10367.jpg,6
10368.jpg,5
10369.jpg,3
10370.jpg,7
10371.jpg,4
10372.jpg,8
10373.jpg,5
10374.jpg,5
10375.jpg,1
10376.jpg,8
10377.jpg,2
10378.jpg,2
10379.jpg,3
10380.jpg,9
10381.jpg,1
10382.jpg,4
10383.jpg,4
10384.jpg,3
10385.jpg,4
10386.jpg,4
10387.jpg,3
10388.jpg,5
10389.jpg,1
10390.jpg,2
10391.jpg,6
10392.jpg,7
10393.jpg,3
10394.jpg,5
10395.jpg,4
10396.jpg,6
10397.jpg,3
10398.jpg,1
10399.jpg,6
10400.jpg,4
10401.jpg,2
10402.jpg,4
10403.jpg,4
10404.jpg,3
10405.jpg,6
10406.jpg,8
10407.jpg,5
10408.jpg,6
10409.jpg,2
10410.jpg,5
10411.jpg,7
10412.jpg,2
10413.jpg,4
10414.jpg,2
10415.jpg,1
10416.jpg,4
10417.jpg,5
10418.jpg,5
10419.jpg,2
10420.jpg,7
10421.jpg,4
10422.jpg,2
10423.jpg,4
10424.jpg,10
10425.jpg,10
10426.jpg,5
10427.jpg,8
10428.jpg,5
10429.jpg,5
10430.jpg,9
10431.jpg,2
10432.jpg,6
10433.jpg,5
10434.jpg,0
10435.jpg,1
10436.jpg,3
10437.jpg,3
10438.jpg,3
10439.jpg,7
10440.jpg,0
10441.jpg,1
10442.jpg,3
10443.jpg,3
10444.jpg,0
10445.jpg,2
10446.jpg,3
10447.jpg,2
10448.jpg,2
10449.jpg,2
10450.jpg,3
10451.jpg,2
10452.jpg,4
10453.jpg,3
10454.jpg,5
10455.jpg,5
10456.jpg,4
10457.jpg,4
10458.jpg,4
10459.jpg,4
10460.jpg,6
10461.jpg,4
10462.jpg,4
10463.jpg,5
10464.jpg,5
10465.jpg,3
10466.jpg,4
10467.jpg,5
10468.jpg,7
10469.jpg,6
10470.jpg,5
10471.jpg,5
10472.jpg,8
10473.jpg,7
10474.jpg,1
10475.jpg,4
10476.jpg,6
10477.jpg,5
10478.jpg,5
10479.jpg,4
10480.jpg,3
10481.jpg,5
10482.jpg,1
10483.jpg,2
10484.jpg,5
10485.jpg,1
10486.jpg,10
10487.jpg,5
10488.jpg,7
10489.jpg,5
10490.jpg,3
10491.jpg,3
10492.jpg,4
10493.jpg,8
10494.jpg,3
10495.jpg,6
10496.jpg,4
10497.jpg,4
10498.jpg,2
10499.jpg,2
10500.jpg,1
10501.jpg,4
10502.jpg,2
10503.jpg,9
10504.jpg,8
10505.jpg,16
10506.jpg,12
10507.jpg,4
10508.jpg,8
10509.jpg,4
10510.jpg,4
10511.jpg,4
10512.jpg,2
10513.jpg,3
10514.jpg,2
10515.jpg,0
10516.jpg,5
10517.jpg,4
10518.jpg,1
10519.jpg,1
10520.jpg,1
10521.jpg,2
10522.jpg,4
10523.jpg,2
10524.jpg,3
10525.jpg,7
10526.jpg,3
10527.jpg,5
10528.jpg,3
10529.jpg,2
10530.jpg,3
10531.jpg,4
10532.jpg,5
10533.jpg,3
10534.jpg,3
10535.jpg,2
10536.jpg,7
10537.jpg,4
10538.jpg,3
10539.jpg,2
10540.jpg,0
10541.jpg,1
10542.jpg,5
10543.jpg,1
10544.jpg,1
10545.jpg,2
10546.jpg,4
10547.jpg,5
10548.jpg,1
10549.jpg,4
10550.jpg,5
10551.jpg,2
10552.jpg,3
10553.jpg,3
10554.jpg,1
10555.jpg,3
10556.jpg,3
10557.jpg,5
10558.jpg,0
10559.jpg,4
10560.jpg,8
10561.jpg,3
10562.jpg,3
10563.jpg,4
10564.jpg,5
10565.jpg,5
10566.jpg,6
10567.jpg,2
10568.jpg,5
10569.jpg,3
10570.jpg,5
10571.jpg,4
10572.jpg,7
10573.jpg,3
10574.jpg,6
10575.jpg,4
10576.jpg,1
10577.jpg,9
10578.jpg,9
10579.jpg,3
10580.jpg,4
10581.jpg,0
10582.jpg,7
10583.jpg,4
10584.jpg,5
10585.jpg,8
10586.jpg,6
10587.jpg,5
10588.jpg,4
10589.jpg,6
10590.jpg,13
10591.jpg,2
10592.jpg,3
10593.jpg,1
10594.jpg,6
10595.jpg,5
10596.jpg,8
10597.jpg,5
10598.jpg,5
10599.jpg,2
10600.jpg,3
10601.jpg,4
10602.jpg,3
10603.jpg,4
10604.jpg,3
10605.jpg,4
10606.jpg,3
10607.jpg,2
10608.jpg,4
10609.jpg,4
10610.jpg,7
10611.jpg,6
10612.jpg,1
10613.jpg,5
10614.jpg,4
10615.jpg,5
10616.jpg,5
10617.jpg,7
10618.jpg,4
10619.jpg,2
10620.jpg,2
10621.jpg,4
10622.jpg,5
10623.jpg,1
10624.jpg,0
10625.jpg,6
10626.jpg,0
10627.jpg,9
10628.jpg,5
10629.jpg,9
10630.jpg,4
10631.jpg,9
10632.jpg,5
10633.jpg,6
10634.jpg,9
10635.jpg,3
10636.jpg,12
10637.jpg,5
10638.jpg,7
10639.jpg,3
10640.jpg,3
10641.jpg,7
10642.jpg,3
10643.jpg,3
10644.jpg,3
10645.jpg,9
10646.jpg,7
10647.jpg,2
10648.jpg,2
10649.jpg,1
10650.jpg,1
10651.jpg,5
10652.jpg,4
10653.jpg,6
10654.jpg,5
10655.jpg,7
10656.jpg,3
10657.jpg,4
10658.jpg,4
10659.jpg,7
10660.jpg,4
10661.jpg,3
10662.jpg,7
10663.jpg,9
10664.jpg,6
10665.jpg,6
10666.jpg,4
10667.jpg,8
10668.jpg,5
10669.jpg,7
10670.jpg,4
10671.jpg,5
10672.jpg,8
10673.jpg,11
10674.jpg,6
10675.jpg,8
10676.jpg,7
10677.jpg,4
10678.jpg,6
10679.jpg,7
10680.jpg,3
10681.jpg,5
10682.jpg,5
10683.jpg,1
10684.jpg,8
10685.jpg,5
10686.jpg,1
10687.jpg,9
10688.jpg,2
10689.jpg,3
10690.jpg,3
10691.jpg,3
10692.jpg,0
10693.jpg,3
10694.jpg,3
10695.jpg,3
10696.jpg,2
10697.jpg,4
10698.jpg,4
10699.jpg,4
10700.jpg,3
10701.jpg,7
10702.jpg,6
10703.jpg,1
10704.jpg,4
10705.jpg,2
10706.jpg,1
10707.jpg,4
10708.jpg,5
10709.jpg,5
10710.jpg,1
10711.jpg,5
10712.jpg,4
10713.jpg,3
10714.jpg,4
10715.jpg,2
10716.jpg,2
10717.jpg,7
10718.jpg,6
10719.jpg,5
10720.jpg,3
10721.jpg,4
10722.jpg,6
10723.jpg,7
10724.jpg,5
10725.jpg,5
10726.jpg,4
10727.jpg,6
10728.jpg,4
10729.jpg,5
10730.jpg,8
10731.jpg,5
10732.jpg,5
10733.jpg,9
10734.jpg,9
10735.jpg,6
10736.jpg,8
10737.jpg,9
10738.jpg,6
10739.jpg,6
10740.jpg,6
10741.jpg,0
10742.jpg,5
10743.jpg,10
10744.jpg,7
10745.jpg,10
10746.jpg,8
10747.jpg,3
10748.jpg,5
10749.jpg,7
10750.jpg,6
10751.jpg,8
10752.jpg,4
10753.jpg,4
10754.jpg,4
10755.jpg,2
10756.jpg,4
10757.jpg,4
10758.jpg,7
10759.jpg,7
10760.jpg,4
10761.jpg,6
10762.jpg,4
10763.jpg,12
10764.jpg,6
10765.jpg,5
10766.jpg,6
10767.jpg,1
10768.jpg,6
10769.jpg,3
10770.jpg,3
10771.jpg,6
10772.jpg,7
10773.jpg,2
10774.jpg,2
10775.jpg,0
10776.jpg,3
10777.jpg,0
10778.jpg,6
10779.jpg,1
10780.jpg,2
10781.jpg,3
10782.jpg,1
10783.jpg,1
10784.jpg,7
10785.jpg,5
10786.jpg,3
10787.jpg,3
10788.jpg,3
10789.jpg,5
10790.jpg,3
10791.jpg,12
10792.jpg,2
10793.jpg,3
10794.jpg,4
10795.jpg,7
10796.jpg,6
10797.jpg,4
10798.jpg,8
10799.jpg,4
10800.jpg,1
10801.jpg,4
10802.jpg,4
10803.jpg,7
10804.jpg,5
10805.jpg,4
10806.jpg,7
10807.jpg,3
10808.jpg,5
10809.jpg,4
10810.jpg,1
10811.jpg,4
10812.jpg,3
10813.jpg,7
10814.jpg,4
10815.jpg,4
10816.jpg,6
10817.jpg,5
10818.jpg,3
10819.jpg,3
10820.jpg,7
10821.jpg,4
10822.jpg,2
10823.jpg,2
10824.jpg,5
10825.jpg,6
10826.jpg,0
10827.jpg,5
10828.jpg,7
10829.jpg,7
10830.jpg,4
10831.jpg,0
10832.jpg,6
10833.jpg,5
10834.jpg,3
10835.jpg,3
10836.jpg,2
10837.jpg,2
10838.jpg,5
10839.jpg,5
10840.jpg,4
10841.jpg,4
10842.jpg,10
10843.jpg,8
10844.jpg,7
10845.jpg,6
10846.jpg,7
10847.jpg,6
10848.jpg,2
10849.jpg,6
10850.jpg,4
10851.jpg,5
10852.jpg,2
10853.jpg,2
10854.jpg,1
10855.jpg,5
10856.jpg,7
10857.jpg,5
10858.jpg,11
10859.jpg,3
10860.jpg,4
10861.jpg,6
10862.jpg,4
10863.jpg,1
10864.jpg,5
10865.jpg,7
10866.jpg,0
10867.jpg,6
10868.jpg,5
10869.jpg,5
10870.jpg,6
10871.jpg,5
10872.jpg,3
10873.jpg,4
10874.jpg,7
10875.jpg,6
10876.jpg,5
10877.jpg,6
10878.jpg,0
10879.jpg,7
10880.jpg,10
10881.jpg,2
10882.jpg,1
10883.jpg,9
10884.jpg,3
10885.jpg,10
10886.jpg,5
10887.jpg,3
10888.jpg,5
10889.jpg,5
10890.jpg,4
10891.jpg,5
10892.jpg,5
10893.jpg,6
10894.jpg,6
10895.jpg,5
10896.jpg,5
10897.jpg,9
10898.jpg,4
10899.jpg,4
10900.jpg,7
10901.jpg,7
10902.jpg,2
10903.jpg,2
10904.jpg,11
10905.jpg,8
10906.jpg,3
10907.jpg,3
10908.jpg,6
10909.jpg,2
10910.jpg,1
10911.jpg,3
10912.jpg,5
10913.jpg,3
10914.jpg,1
10915.jpg,5
10916.jpg,7
10917.jpg,3
10918.jpg,0
10919.jpg,5
10920.jpg,3
10921.jpg,5
10922.jpg,1
10923.jpg,4
10924.jpg,2
10925.jpg,2
10926.jpg,2
10927.jpg,1
10928.jpg,5
10929.jpg,2
10930.jpg,1
10931.jpg,2
10932.jpg,0
10933.jpg,4
10934.jpg,8
10935.jpg,1
10936.jpg,5
10937.jpg,5
10938.jpg,5
10939.jpg,4
10940.jpg,5
10941.jpg,5
10942.jpg,4
10943.jpg,2
10944.jpg,4
10945.jpg,4
10946.jpg,3
10947.jpg,9
10948.jpg,5
10949.jpg,5
10950.jpg,4
10951.jpg,3
10952.jpg,4
10953.jpg,2
10954.jpg,2
10955.jpg,6
10956.jpg,9
10957.jpg,6
10958.jpg,1
10959.jpg,10
10960.jpg,5
10961.jpg,11
10962.jpg,4
10963.jpg,6
10964.jpg,2
10965.jpg,4
10966.jpg,10
10967.jpg,3
10968.jpg,5
10969.jpg,10
10970.jpg,4
10971.jpg,4
10972.jpg,1
10973.jpg,1
10974.jpg,4
10975.jpg,4
10976.jpg,4
10977.jpg,7
10978.jpg,6
10979.jpg,5
10980.jpg,6
10981.jpg,7
10982.jpg,3
10983.jpg,5
10984.jpg,2
10985.jpg,8
10986.jpg,8
10987.jpg,11
10988.jpg,11
10989.jpg,10
10990.jpg,6
10991.jpg,5
10992.jpg,9
10993.jpg,10
10994.jpg,12
10995.jpg,10
10996.jpg,9
10997.jpg,8
10998.jpg,5
10999.jpg,4
11000.jpg,3
11001.jpg,4
11002.jpg,4
11003.jpg,4
11004.jpg,4
11005.jpg,2
11006.jpg,4
11007.jpg,4
11008.jpg,5
11009.jpg,5
11010.jpg,4
11011.jpg,4
11012.jpg,4
11013.jpg,3
11014.jpg,5
11015.jpg,4
11016.jpg,5
11017.jpg,5
11018.jpg,5
11019.jpg,9
11020.jpg,8
11021.jpg,8
11022.jpg,9
11023.jpg,5
11024.jpg,2
11025.jpg,4
11026.jpg,12
11027.jpg,15
11028.jpg,4
11029.jpg,3
11030.jpg,1
11031.jpg,3
11032.jpg,8
11033.jpg,2
11034.jpg,4
11035.jpg,7
11036.jpg,9
11037.jpg,5
11038.jpg,7
11039.jpg,10
11040.jpg,4
11041.jpg,0
11042.jpg,5
11043.jpg,8
11044.jpg,2
11045.jpg,6
11046.jpg,4
11047.jpg,6
11048.jpg,6
11049.jpg,7
11050.jpg,5
11051.jpg,7
11052.jpg,5
11053.jpg,5
11054.jpg,7
11055.jpg,3
11056.jpg,3
11057.jpg,3
11058.jpg,5
11059.jpg,5
11060.jpg,5
11061.jpg,4
11062.jpg,7
11063.jpg,8
11064.jpg,4
11065.jpg,5
11066.jpg,8
11067.jpg,21
11068.jpg,6
11069.jpg,10
11070.jpg,4
11071.jpg,4
11072.jpg,2
11073.jpg,4
11074.jpg,7
11075.jpg,1
11076.jpg,4
11077.jpg,7
11078.jpg,8
11079.jpg,2
11080.jpg,3
11081.jpg,3
11082.jpg,5
11083.jpg,7
11084.jpg,4
11085.jpg,12
11086.jpg,5
11087.jpg,1
11088.jpg,7
11089.jpg,1
11090.jpg,8
11091.jpg,10
11092.jpg,7
11093.jpg,1
11094.jpg,4
11095.jpg,5
11096.jpg,9
11097.jpg,13
11098.jpg,1
11099.jpg,2
11100.jpg,4
11101.jpg,5
11102.jpg,3
11103.jpg,9
11104.jpg,5
11105.jpg,4
11106.jpg,4
11107.jpg,6
11108.jpg,8
11109.jpg,5
11110.jpg,2
11111.jpg,5
11112.jpg,5
11113.jpg,5
11114.jpg,4
11115.jpg,3
11116.jpg,4
11117.jpg,6
11118.jpg,4
11119.jpg,7
11120.jpg,5
11121.jpg,3
11122.jpg,6
11123.jpg,5
11124.jpg,2
11125.jpg,3
11126.jpg,4
11127.jpg,8
11128.jpg,6
11129.jpg,15
11130.jpg,4
11131.jpg,8
11132.jpg,3
11133.jpg,9
11134.jpg,10
11135.jpg,7
11136.jpg,6
11137.jpg,5
11138.jpg,4
11139.jpg,8
11140.jpg,5
11141.jpg,5
11142.jpg,9
11143.jpg,2
11144.jpg,1
11145.jpg,3
11146.jpg,3
11147.jpg,3
11148.jpg,8
11149.jpg,3
11150.jpg,5
11151.jpg,4
11152.jpg,5
11153.jpg,1
11154.jpg,0
11155.jpg,2
11156.jpg,5
11157.jpg,4
11158.jpg,5
11159.jpg,4
11160.jpg,5
11161.jpg,6
11162.jpg,2
11163.jpg,5
11164.jpg,11
11165.jpg,5
11166.jpg,7
11167.jpg,6
11168.jpg,7
11169.jpg,6
11170.jpg,7
11171.jpg,5
11172.jpg,5
11173.jpg,6
11174.jpg,10
11175.jpg,7
11176.jpg,4
11177.jpg,7
11178.jpg,11
11179.jpg,5
11180.jpg,6
11181.jpg,2
11182.jpg,0
11183.jpg,5
11184.jpg,8
11185.jpg,4
11186.jpg,6
11187.jpg,3
11188.jpg,5
11189.jpg,16
11190.jpg,5
11191.jpg,6
11192.jpg,3
11193.jpg,5
11194.jpg,2
11195.jpg,2
11196.jpg,10
11197.jpg,5
11198.jpg,9
11199.jpg,7
11200.jpg,2
11201.jpg,0
11202.jpg,3
11203.jpg,4
11204.jpg,7
11205.jpg,4
11206.jpg,5
11207.jpg,5
11208.jpg,3
11209.jpg,5
11210.jpg,5
11211.jpg,8
11212.jpg,7
11213.jpg,5
11214.jpg,7
11215.jpg,11
11216.jpg,4
11217.jpg,5
11218.jpg,10
11219.jpg,4
11220.jpg,3
11221.jpg,5
11222.jpg,2
11223.jpg,9
11224.jpg,7
11225.jpg,6
11226.jpg,13
11227.jpg,3
11228.jpg,5
11229.jpg,2
11230.jpg,5
11231.jpg,6
11232.jpg,6
11233.jpg,7
11234.jpg,16
11235.jpg,7
11236.jpg,3
11237.jpg,3
11238.jpg,16
11239.jpg,6
11240.jpg,6
11241.jpg,9
11242.jpg,5
11243.jpg,6
11244.jpg,3
11245.jpg,3
11246.jpg,4
11247.jpg,5
11248.jpg,6
11249.jpg,5
11250.jpg,3
11251.jpg,6
11252.jpg,2
11253.jpg,7
11254.jpg,4
11255.jpg,3
11256.jpg,4
11257.jpg,6
11258.jpg,4
11259.jpg,4
11260.jpg,2
11261.jpg,5
11262.jpg,3
11263.jpg,2
11264.jpg,4
11265.jpg,5
11266.jpg,5
11267.jpg,0
11268.jpg,7
11269.jpg,5
11270.jpg,4
11271.jpg,2
11272.jpg,5
11273.jpg,13
11274.jpg,4
11275.jpg,4
11276.jpg,3
11277.jpg,0
11278.jpg,2
11279.jpg,2
11280.jpg,2
11281.jpg,5
11282.jpg,8
11283.jpg,7
11284.jpg,3
11285.jpg,9
11286.jpg,4
11287.jpg,0
11288.jpg,1
11289.jpg,0
11290.jpg,2
11291.jpg,2
11292.jpg,12
11293.jpg,5
11294.jpg,3
11295.jpg,5
11296.jpg,10
11297.jpg,5
11298.jpg,7
11299.jpg,10
11300.jpg,3
11301.jpg,5
11302.jpg,3
11303.jpg,4
11304.jpg,2
11305.jpg,4
11306.jpg,3
11307.jpg,4
11308.jpg,6
11309.jpg,10
11310.jpg,5
11311.jpg,12
11312.jpg,7
11313.jpg,5
11314.jpg,2
11315.jpg,4
11316.jpg,2
11317.jpg,2
11318.jpg,6
11319.jpg,9
11320.jpg,4
11321.jpg,3
11322.jpg,6
11323.jpg,2
11324.jpg,2
11325.jpg,0
11326.jpg,5
11327.jpg,4
11328.jpg,0
11329.jpg,1
11330.jpg,6
11331.jpg,2
11332.jpg,6
11333.jpg,2
11334.jpg,7
11335.jpg,3
11336.jpg,3
11337.jpg,1
11338.jpg,6
11339.jpg,5
11340.jpg,2
11341.jpg,8
11342.jpg,4
11343.jpg,3
11344.jpg,4
11345.jpg,7
11346.jpg,5
11347.jpg,1
11348.jpg,8
11349.jpg,5
11350.jpg,4
11351.jpg,9
11352.jpg,2
11353.jpg,1
11354.jpg,2
11355.jpg,3
11356.jpg,2
11357.jpg,3
11358.jpg,7
11359.jpg,6
11360.jpg,8
11361.jpg,3
11362.jpg,2
11363.jpg,3
11364.jpg,7
11365.jpg,5
11366.jpg,8
11367.jpg,2
11368.jpg,7
11369.jpg,5
11370.jpg,6
11371.jpg,5
11372.jpg,5
11373.jpg,3
11374.jpg,5
11375.jpg,4
11376.jpg,10
11377.jpg,6
11378.jpg,4
11379.jpg,2
11380.jpg,10
11381.jpg,8
11382.jpg,6
11383.jpg,9
11384.jpg,12
11385.jpg,4
11386.jpg,15
11387.jpg,5
11388.jpg,6
11389.jpg,2
11390.jpg,7
11391.jpg,6
11392.jpg,3
11393.jpg,2
11394.jpg,0
11395.jpg,4
11396.jpg,6
11397.jpg,3
11398.jpg,3
11399.jpg,8
11400.jpg,5
11401.jpg,7
11402.jpg,4
11403.jpg,8
11404.jpg,0
11405.jpg,2
11406.jpg,7
11407.jpg,2
11408.jpg,3
11409.jpg,7
11410.jpg,3
11411.jpg,3
11412.jpg,2
11413.jpg,5
11414.jpg,5
11415.jpg,2
11416.jpg,1
11417.jpg,4
11418.jpg,2
11419.jpg,6
11420.jpg,2
11421.jpg,2
11422.jpg,6
11423.jpg,2
11424.jpg,7
11425.jpg,4
11426.jpg,4
11427.jpg,3
11428.jpg,5
11429.jpg,9
11430.jpg,5
11431.jpg,3
11432.jpg,3
11433.jpg,3
11434.jpg,5
11435.jpg,3
11436.jpg,4
11437.jpg,10
11438.jpg,9
11439.jpg,3
11440.jpg,3
11441.jpg,7
11442.jpg,3
11443.jpg,4
11444.jpg,5
11445.jpg,4
11446.jpg,5
11447.jpg,4
11448.jpg,4
11449.jpg,7
11450.jpg,7
11451.jpg,7
11452.jpg,7
11453.jpg,4
11454.jpg,4
11455.jpg,1
11456.jpg,8
11457.jpg,7
11458.jpg,0
11459.jpg,5
11460.jpg,1
11461.jpg,2
11462.jpg,3
11463.jpg,3
11464.jpg,8
11465.jpg,3
11466.jpg,3
11467.jpg,4
11468.jpg,1
11469.jpg,1
11470.jpg,3
11471.jpg,3
11472.jpg,3
11473.jpg,3
11474.jpg,7
11475.jpg,3
11476.jpg,3
11477.jpg,9
11478.jpg,5
11479.jpg,2
11480.jpg,5
11481.jpg,6
11482.jpg,3
11483.jpg,12
11484.jpg,8
11485.jpg,3
11486.jpg,2
11487.jpg,4
11488.jpg,3
11489.jpg,4
11490.jpg,5
11491.jpg,4
11492.jpg,2
11493.jpg,2
11494.jpg,7
11495.jpg,3
11496.jpg,4
11497.jpg,3
11498.jpg,3
11499.jpg,2
11500.jpg,3
11501.jpg,2
11502.jpg,3
11503.jpg,8
11504.jpg,1
11505.jpg,5
11506.jpg,7
11507.jpg,4
11508.jpg,21
11509.jpg,6
11510.jpg,7
11511.jpg,4
11512.jpg,2
11513.jpg,3
11514.jpg,2
11515.jpg,6
11516.jpg,4
11517.jpg,3
11518.jpg,1
11519.jpg,9
11520.jpg,2
11521.jpg,3
11522.jpg,2
11523.jpg,1
11524.jpg,3
11525.jpg,4
11526.jpg,4
11527.jpg,4
11528.jpg,4
11529.jpg,3
11530.jpg,3
11531.jpg,3
11532.jpg,1
11533.jpg,3
11534.jpg,2
11535.jpg,6
11536.jpg,0
11537.jpg,2
11538.jpg,2
11539.jpg,2
11540.jpg,2
11541.jpg,3
11542.jpg,4
11543.jpg,3
11544.jpg,3
11545.jpg,4
11546.jpg,2
11547.jpg,1
11548.jpg,3
11549.jpg,5
11550.jpg,3
11551.jpg,4
11552.jpg,3
11553.jpg,5
11554.jpg,3
11555.jpg,4
11556.jpg,2
11557.jpg,2
11558.jpg,7
11559.jpg,3
11560.jpg,4
11561.jpg,2
11562.jpg,2
11563.jpg,4
11564.jpg,3
11565.jpg,1
11566.jpg,1
11567.jpg,2
11568.jpg,4
11569.jpg,3
11570.jpg,4
11571.jpg,4
11572.jpg,1
11573.jpg,2
11574.jpg,3
11575.jpg,5
11576.jpg,3
11577.jpg,1
11578.jpg,0
11579.jpg,8
11580.jpg,4
11581.jpg,6
11582.jpg,16
11583.jpg,9
11584.jpg,11
11585.jpg,9
11586.jpg,6
11587.jpg,1
11588.jpg,6
11589.jpg,8
11590.jpg,5
11591.jpg,7
11592.jpg,3
11593.jpg,5
11594.jpg,6
11595.jpg,4
11596.jpg,4
11597.jpg,9
11598.jpg,8
11599.jpg,3
11600.jpg,9
11601.jpg,5
11602.jpg,4
11603.jpg,3
11604.jpg,6
11605.jpg,5
11606.jpg,7
11607.jpg,5
11608.jpg,3
11609.jpg,2
11610.jpg,4
11611.jpg,3
11612.jpg,2
11613.jpg,3
11614.jpg,3
11615.jpg,5
11616.jpg,6
11617.jpg,3
11618.jpg,9
11619.jpg,2
11620.jpg,6
11621.jpg,5
11622.jpg,1
11623.jpg,4
11624.jpg,5
11625.jpg,5
11626.jpg,14
11627.jpg,6
11628.jpg,11
11629.jpg,3
11630.jpg,7
11631.jpg,6
11632.jpg,2
11633.jpg,6
11634.jpg,2
11635.jpg,5
11636.jpg,6
11637.jpg,5
11638.jpg,4
11639.jpg,3
11640.jpg,10
11641.jpg,13
11642.jpg,3
11643.jpg,2
11644.jpg,3
11645.jpg,2
11646.jpg,7
11647.jpg,8
11648.jpg,6
11649.jpg,5
11650.jpg,5
11651.jpg,11
11652.jpg,2
11653.jpg,5
11654.jpg,2
11655.jpg,3
11656.jpg,2
11657.jpg,0
11658.jpg,5
11659.jpg,5
11660.jpg,4
11661.jpg,4
11662.jpg,6
11663.jpg,8
11664.jpg,6
11665.jpg,6
11666.jpg,9
11667.jpg,8
11668.jpg,6
11669.jpg,4
11670.jpg,2
11671.jpg,3
11672.jpg,14
11673.jpg,3
11674.jpg,4
11675.jpg,5
11676.jpg,8
11677.jpg,8
11678.jpg,5
11679.jpg,4
11680.jpg,4
11681.jpg,7
11682.jpg,2
11683.jpg,3
11684.jpg,5
11685.jpg,1
11686.jpg,5
11687.jpg,5
11688.jpg,4
11689.jpg,7
11690.jpg,3
11691.jpg,11
11692.jpg,6
11693.jpg,3
11694.jpg,5
11695.jpg,3
11696.jpg,7
11697.jpg,8
11698.jpg,7
11699.jpg,3
11700.jpg,8
11701.jpg,3
11702.jpg,1
11703.jpg,2
11704.jpg,1
11705.jpg,4
11706.jpg,2
11707.jpg,1
11708.jpg,8
11709.jpg,7
11710.jpg,1
11711.jpg,8
11712.jpg,4
11713.jpg,5
11714.jpg,4
11715.jpg,4
11716.jpg,6
11717.jpg,3
11718.jpg,5
11719.jpg,5
11720.jpg,3
11721.jpg,0
11722.jpg,3
11723.jpg,3
11724.jpg,4
11725.jpg,4
11726.jpg,2
11727.jpg,7
11728.jpg,5
11729.jpg,6
11730.jpg,2
11731.jpg,6
11732.jpg,4
11733.jpg,2
11734.jpg,6
11735.jpg,4
11736.jpg,6
11737.jpg,16
11738.jpg,11
11739.jpg,6
11740.jpg,7
11741.jpg,2
11742.jpg,13
11743.jpg,2
11744.jpg,5
11745.jpg,4
11746.jpg,5
11747.jpg,9
11748.jpg,9
11749.jpg,3
11750.jpg,5
11751.jpg,5
11752.jpg,5
11753.jpg,0
11754.jpg,2
11755.jpg,3
11756.jpg,8
11757.jpg,6
11758.jpg,5
11759.jpg,5
11760.jpg,5
11761.jpg,7
11762.jpg,3
11763.jpg,3
11764.jpg,4
11765.jpg,8
11766.jpg,7
11767.jpg,7
11768.jpg,5
11769.jpg,2
11770.jpg,7
11771.jpg,2
11772.jpg,4
11773.jpg,5
11774.jpg,4
11775.jpg,9
11776.jpg,1
11777.jpg,4
11778.jpg,3
11779.jpg,6
11780.jpg,7
11781.jpg,1
11782.jpg,8
11783.jpg,2
11784.jpg,10
11785.jpg,2
11786.jpg,5
11787.jpg,2
11788.jpg,4
11789.jpg,6
11790.jpg,5
11791.jpg,8
11792.jpg,7
11793.jpg,7
11794.jpg,4
11795.jpg,8
11796.jpg,9
11797.jpg,3
11798.jpg,7
11799.jpg,7
11800.jpg,4
11801.jpg,6
11802.jpg,8
11803.jpg,6
11804.jpg,4
11805.jpg,5
11806.jpg,1
11807.jpg,7
11808.jpg,3
11809.jpg,4
11810.jpg,3
11811.jpg,2
11812.jpg,2
11813.jpg,2
11814.jpg,4
11815.jpg,1
11816.jpg,4
11817.jpg,3
11818.jpg,5
11819.jpg,24
11820.jpg,4
11821.jpg,5
11822.jpg,4
11823.jpg,8
11824.jpg,2
11825.jpg,1
11826.jpg,3
11827.jpg,0
11828.jpg,2
11829.jpg,3
11830.jpg,6
11831.jpg,8
11832.jpg,5
11833.jpg,5
11834.jpg,4
11835.jpg,5
11836.jpg,5
11837.jpg,7
11838.jpg,1
11839.jpg,4
11840.jpg,4
11841.jpg,6
11842.jpg,1
11843.jpg,4
11844.jpg,7
11845.jpg,6
11846.jpg,5
11847.jpg,8
11848.jpg,9
11849.jpg,4
11850.jpg,2
11851.jpg,5
11852.jpg,1
11853.jpg,2
11854.jpg,5
11855.jpg,4
11856.jpg,6
11857.jpg,3
11858.jpg,5
11859.jpg,5
11860.jpg,10
11861.jpg,4
11862.jpg,5
11863.jpg,2
11864.jpg,2
11865.jpg,5
11866.jpg,4
11867.jpg,1
11868.jpg,2
11869.jpg,1
11870.jpg,1
11871.jpg,1
11872.jpg,4
11873.jpg,1
11874.jpg,2
11875.jpg,2
11876.jpg,4
11877.jpg,4
11878.jpg,5
11879.jpg,0
11880.jpg,6
11881.jpg,6
11882.jpg,3
11883.jpg,2
11884.jpg,5
11885.jpg,8
11886.jpg,9
11887.jpg,2
11888.jpg,7
11889.jpg,2
11890.jpg,5
11891.jpg,3
11892.jpg,4
11893.jpg,3
11894.jpg,4
11895.jpg,5
11896.jpg,4
11897.jpg,5
11898.jpg,3
11899.jpg,9
11900.jpg,5
11901.jpg,8
11902.jpg,5
11903.jpg,4
11904.jpg,5
11905.jpg,8
11906.jpg,5
11907.jpg,0
11908.jpg,7
11909.jpg,2
11910.jpg,7
11911.jpg,5
11912.jpg,3
11913.jpg,12
11914.jpg,6
11915.jpg,4
11916.jpg,5
11917.jpg,5
11918.jpg,5
11919.jpg,11
11920.jpg,2
11921.jpg,7
11922.jpg,4
11923.jpg,9
11924.jpg,3
11925.jpg,3
11926.jpg,7
11927.jpg,3
11928.jpg,1
11929.jpg,8
11930.jpg,2
11931.jpg,14
11932.jpg,4
11933.jpg,4
11934.jpg,10
11935.jpg,5
11936.jpg,5
11937.jpg,3
11938.jpg,5
11939.jpg,1
11940.jpg,8
11941.jpg,10
11942.jpg,5
11943.jpg,4
11944.jpg,5
11945.jpg,6
11946.jpg,9
11947.jpg,10
11948.jpg,4
11949.jpg,4
11950.jpg,3
11951.jpg,4
11952.jpg,9
11953.jpg,5
11954.jpg,3
11955.jpg,6
11956.jpg,2
11957.jpg,6
11958.jpg,4
11959.jpg,5
11960.jpg,6
11961.jpg,3
11962.jpg,5
11963.jpg,0
11964.jpg,3
11965.jpg,8
11966.jpg,6
11967.jpg,8
11968.jpg,4
11969.jpg,3
11970.jpg,6
11971.jpg,4
11972.jpg,3
11973.jpg,4
11974.jpg,2
11975.jpg,7
11976.jpg,6
11977.jpg,6
11978.jpg,3
11979.jpg,4
11980.jpg,2
11981.jpg,9
11982.jpg,5
11983.jpg,3
11984.jpg,2
11985.jpg,8
11986.jpg,3
11987.jpg,3
11988.jpg,2
11989.jpg,9
11990.jpg,7
11991.jpg,7
11992.jpg,4
11993.jpg,2
11994.jpg,4
11995.jpg,4
11996.jpg,8
11997.jpg,5
11998.jpg,12
11999.jpg,1
12000.jpg,6
12001.jpg,1
12002.jpg,0
12003.jpg,6
12004.jpg,2
12005.jpg,7
12006.jpg,6
12007.jpg,6
12008.jpg,9
12009.jpg,6
12010.jpg,6
12011.jpg,4
12012.jpg,5
12013.jpg,2
12014.jpg,7
12015.jpg,4
12016.jpg,5
12017.jpg,3
12018.jpg,4
12019.jpg,3
12020.jpg,6
12021.jpg,7
12022.jpg,3
12023.jpg,4
12024.jpg,5
12025.jpg,3
12026.jpg,4
12027.jpg,7
12028.jpg,4
12029.jpg,7
12030.jpg,0
12031.jpg,7
12032.jpg,8
12033.jpg,12
12034.jpg,6
12035.jpg,8
12036.jpg,8
12037.jpg,3
12038.jpg,5
12039.jpg,5
12040.jpg,5
12041.jpg,8
12042.jpg,8
12043.jpg,9
12044.jpg,8
12045.jpg,6
12046.jpg,13
12047.jpg,7
12048.jpg,3
12049.jpg,4
12050.jpg,3
12051.jpg,4
12052.jpg,4
12053.jpg,1
12054.jpg,4
12055.jpg,1
12056.jpg,4
12057.jpg,4
12058.jpg,6
12059.jpg,4
12060.jpg,4
12061.jpg,5
12062.jpg,2
12063.jpg,7
12064.jpg,6
12065.jpg,5
12066.jpg,2
12067.jpg,4
12068.jpg,5
12069.jpg,3
12070.jpg,4
12071.jpg,5
12072.jpg,6
12073.jpg,5
12074.jpg,2
12075.jpg,6
12076.jpg,3
12077.jpg,3
12078.jpg,5
12079.jpg,6
12080.jpg,7
12081.jpg,5
12082.jpg,4
12083.jpg,4
12084.jpg,3
12085.jpg,6
12086.jpg,7
12087.jpg,3
12088.jpg,3
12089.jpg,5
12090.jpg,10
12091.jpg,8
12092.jpg,8
12093.jpg,5
12094.jpg,6
12095.jpg,4
12096.jpg,2
12097.jpg,5
12098.jpg,3
12099.jpg,1
12100.jpg,5
12101.jpg,4
12102.jpg,5
12103.jpg,9
12104.jpg,5
12105.jpg,4
12106.jpg,6
12107.jpg,6
12108.jpg,7
12109.jpg,2
12110.jpg,3
12111.jpg,4
12112.jpg,3
12113.jpg,8
12114.jpg,9
12115.jpg,7
12116.jpg,12
12117.jpg,4
12118.jpg,4
12119.jpg,6
12120.jpg,2
12121.jpg,3
12122.jpg,4
12123.jpg,6
12124.jpg,3
12125.jpg,9
12126.jpg,3
12127.jpg,5
12128.jpg,3
12129.jpg,3
12130.jpg,4
12131.jpg,1
12132.jpg,7
12133.jpg,5
12134.jpg,7
12135.jpg,4
12136.jpg,4
12137.jpg,6
12138.jpg,7
12139.jpg,6
12140.jpg,3
12141.jpg,6
12142.jpg,9
12143.jpg,5
12144.jpg,8
12145.jpg,3
12146.jpg,2
12147.jpg,9
12148.jpg,4
12149.jpg,2
12150.jpg,4
12151.jpg,10
12152.jpg,12
12153.jpg,2
12154.jpg,4
12155.jpg,9
12156.jpg,5
12157.jpg,1
12158.jpg,4
12159.jpg,5
12160.jpg,5
12161.jpg,3
12162.jpg,4
12163.jpg,5
12164.jpg,3
12165.jpg,7
12166.jpg,14
12167.jpg,12
12168.jpg,8
12169.jpg,7
12170.jpg,7
12171.jpg,7
12172.jpg,3
12173.jpg,5
12174.jpg,3
12175.jpg,3
12176.jpg,7
12177.jpg,7
12178.jpg,5
12179.jpg,2
12180.jpg,4
12181.jpg,5
12182.jpg,9
12183.jpg,3
12184.jpg,3
12185.jpg,6
12186.jpg,4
12187.jpg,6
12188.jpg,4
12189.jpg,7
12190.jpg,2
12191.jpg,3
12192.jpg,4
12193.jpg,2
12194.jpg,5
12195.jpg,7
12196.jpg,8
12197.jpg,7
12198.jpg,4
12199.jpg,5
12200.jpg,5
12201.jpg,9
12202.jpg,3
12203.jpg,6
12204.jpg,6
12205.jpg,5
12206.jpg,9
12207.jpg,2
12208.jpg,4
12209.jpg,7
12210.jpg,6
12211.jpg,6
12212.jpg,5
12213.jpg,6
12214.jpg,7
12215.jpg,5
12216.jpg,6
12217.jpg,9
12218.jpg,7
12219.jpg,6
12220.jpg,3
12221.jpg,8
12222.jpg,7
12223.jpg,4
12224.jpg,5
12225.jpg,5
12226.jpg,6
12227.jpg,8
12228.jpg,5
12229.jpg,4
12230.jpg,5
12231.jpg,9
12232.jpg,5
12233.jpg,10
12234.jpg,4
12235.jpg,5
12236.jpg,3
12237.jpg,6
12238.jpg,2
12239.jpg,6
12240.jpg,5
12241.jpg,3
12242.jpg,5
12243.jpg,5
12244.jpg,5
12245.jpg,5
12246.jpg,1
12247.jpg,3
12248.jpg,5
12249.jpg,4
12250.jpg,3
12251.jpg,0
12252.jpg,2
12253.jpg,3
12254.jpg,7
12255.jpg,6
12256.jpg,6
12257.jpg,3
12258.jpg,6
12259.jpg,7
12260.jpg,6
12261.jpg,9
12262.jpg,3
12263.jpg,6
12264.jpg,2
12265.jpg,2
12266.jpg,5
12267.jpg,4
12268.jpg,6
12269.jpg,3
12270.jpg,5
12271.jpg,5
12272.jpg,3
12273.jpg,3
12274.jpg,4
12275.jpg,3
12276.jpg,6
12277.jpg,4
12278.jpg,4
12279.jpg,2
12280.jpg,4
12281.jpg,7
12282.jpg,4
12283.jpg,0
12284.jpg,4
12285.jpg,3
12286.jpg,4
12287.jpg,3
12288.jpg,2
12289.jpg,4
12290.jpg,7
12291.jpg,5
12292.jpg,6
12293.jpg,3
12294.jpg,3
12295.jpg,3
12296.jpg,1
12297.jpg,7
12298.jpg,5
12299.jpg,4
12300.jpg,3
12301.jpg,4
12302.jpg,6
12303.jpg,4
12304.jpg,5
12305.jpg,3
12306.jpg,8
12307.jpg,2
12308.jpg,3
12309.jpg,3
12310.jpg,6
12311.jpg,6
12312.jpg,4
12313.jpg,5
12314.jpg,6
12315.jpg,4
12316.jpg,5
12317.jpg,4
12318.jpg,5
12319.jpg,5
12320.jpg,6
12321.jpg,4
12322.jpg,7
12323.jpg,2
12324.jpg,7
12325.jpg,5
12326.jpg,3
12327.jpg,5
12328.jpg,2
12329.jpg,6
12330.jpg,3
12331.jpg,4
12332.jpg,2
12333.jpg,4
12334.jpg,4
12335.jpg,5
12336.jpg,8
12337.jpg,6
12338.jpg,2
12339.jpg,2
12340.jpg,3
12341.jpg,2
12342.jpg,3
12343.jpg,5
12344.jpg,2
12345.jpg,4
12346.jpg,3
12347.jpg,3
12348.jpg,5
12349.jpg,5
12350.jpg,3
12351.jpg,12
12352.jpg,1
12353.jpg,5
12354.jpg,7
12355.jpg,4
12356.jpg,4
12357.jpg,3
12358.jpg,2
12359.jpg,3
12360.jpg,0
12361.jpg,4
12362.jpg,3
12363.jpg,2
12364.jpg,3
12365.jpg,6
12366.jpg,0
12367.jpg,2
12368.jpg,3
12369.jpg,4
12370.jpg,2
12371.jpg,2
12372.jpg,1
12373.jpg,2
12374.jpg,3
12375.jpg,3
12376.jpg,5
12377.jpg,7
12378.jpg,4
12379.jpg,5
12380.jpg,3
12381.jpg,3
12382.jpg,1
12383.jpg,5
12384.jpg,4
12385.jpg,2
12386.jpg,3
12387.jpg,5
12388.jpg,3
12389.jpg,5
12390.jpg,5
12391.jpg,4
12392.jpg,3
12393.jpg,3
12394.jpg,3
12395.jpg,3
12396.jpg,5
12397.jpg,3
12398.jpg,2
12399.jpg,3
12400.jpg,4
12401.jpg,5
12402.jpg,2
12403.jpg,2
12404.jpg,2
12405.jpg,2
12406.jpg,13
12407.jpg,3
12408.jpg,2
12409.jpg,4
12410.jpg,3
12411.jpg,3
12412.jpg,2
12413.jpg,1
12414.jpg,6
12415.jpg,2
12416.jpg,8
12417.jpg,4
12418.jpg,2
12419.jpg,1
12420.jpg,2
12421.jpg,2
12422.jpg,7
12423.jpg,3
12424.jpg,9
12425.jpg,7
12426.jpg,8
12427.jpg,9
12428.jpg,13
12429.jpg,3
12430.jpg,6
12431.jpg,4
12432.jpg,4
12433.jpg,9
12434.jpg,2
12435.jpg,0
12436.jpg,6
12437.jpg,4
12438.jpg,11
12439.jpg,7
12440.jpg,6
12441.jpg,7
12442.jpg,6
12443.jpg,8
12444.jpg,6
12445.jpg,4
12446.jpg,2
12447.jpg,14
12448.jpg,2
12449.jpg,3
12450.jpg,4
12451.jpg,8
12452.jpg,4
12453.jpg,7
12454.jpg,5
12455.jpg,1
12456.jpg,4
12457.jpg,5
12458.jpg,8
12459.jpg,5
12460.jpg,8
12461.jpg,3
12462.jpg,4
12463.jpg,12
