HeadCount,Name
2,10001.jpg
3,10002.jpg
3,10003.jpg
2,10004.jpg
2,10005.jpg
6,10006.jpg
4,10007.jpg
4,10008.jpg
6,10009.jpg
2,10010.jpg
4,10011.jpg
6,10012.jpg
5,10013.jpg
11,10014.jpg
5,10015.jpg
7,10016.jpg
2,10017.jpg
4,10018.jpg
2,10019.jpg
4,10020.jpg
2,10021.jpg
5,10022.jpg
5,10023.jpg
4,10024.jpg
8,10025.jpg
3,10026.jpg
4,10027.jpg
6,10028.jpg
7,10029.jpg
6,10030.jpg
4,10031.jpg
5,10032.jpg
6,10033.jpg
4,10034.jpg
6,10035.jpg
2,10036.jpg
4,10037.jpg
8,10038.jpg
9,10039.jpg
2,10040.jpg
3,10041.jpg
2,10042.jpg
2,10043.jpg
1,10044.jpg
5,10045.jpg
4,10046.jpg
2,10047.jpg
2,10048.jpg
8,10049.jpg
6,10050.jpg
5,10051.jpg
3,10052.jpg
5,10053.jpg
15,10054.jpg
4,10055.jpg
2,10056.jpg
3,10057.jpg
2,10058.jpg
2,10059.jpg
3,10060.jpg
9,10061.jpg
3,10062.jpg
3,10063.jpg
3,10064.jpg
4,10065.jpg
4,10066.jpg
0,10067.jpg
4,10068.jpg
3,10069.jpg
6,10070.jpg
10,10071.jpg
6,10072.jpg
3,10073.jpg
5,10074.jpg
5,10075.jpg
0,10076.jpg
6,10077.jpg
4,10078.jpg
0,10079.jpg
8,10080.jpg
4,10081.jpg
3,10082.jpg
5,10083.jpg
4,10084.jpg
3,10085.jpg
2,10086.jpg
0,10087.jpg
0,10088.jpg
1,10089.jpg
5,10090.jpg
1,10091.jpg
5,10092.jpg
4,10093.jpg
5,10094.jpg
1,10095.jpg
1,10096.jpg
1,10097.jpg
5,10098.jpg
1,10099.jpg
2,10100.jpg
11,10101.jpg
5,10102.jpg
3,10103.jpg
2,10104.jpg
11,10105.jpg
10,10106.jpg
12,10107.jpg
7,10108.jpg
6,10109.jpg
7,10110.jpg
3,10111.jpg
8,10112.jpg
9,10113.jpg
8,10114.jpg
4,10115.jpg
7,10116.jpg
4,10117.jpg
12,10118.jpg
9,10119.jpg
5,10120.jpg
7,10121.jpg
3,10122.jpg
2,10123.jpg
3,10124.jpg
7,10125.jpg
6,10126.jpg
7,10127.jpg
6,10128.jpg
2,10129.jpg
5,10130.jpg
7,10131.jpg
0,10132.jpg
4,10133.jpg
2,10134.jpg
2,10135.jpg
8,10136.jpg
7,10137.jpg
5,10138.jpg
6,10139.jpg
7,10140.jpg
2,10141.jpg
2,10142.jpg
5,10143.jpg
3,10144.jpg
3,10145.jpg
5,10146.jpg
2,10147.jpg
3,10148.jpg
6,10149.jpg
1,10150.jpg
4,10151.jpg
2,10152.jpg
6,10153.jpg
1,10154.jpg
2,10155.jpg
5,10156.jpg
4,10157.jpg
2,10158.jpg
5,10159.jpg
7,10160.jpg
8,10161.jpg
1,10162.jpg
3,10163.jpg
3,10164.jpg
5,10165.jpg
9,10166.jpg
3,10167.jpg
6,10168.jpg
1,10169.jpg
9,10170.jpg
9,10171.jpg
3,10172.jpg
3,10173.jpg
3,10174.jpg
2,10175.jpg
1,10176.jpg
10,10177.jpg
4,10178.jpg
3,10179.jpg
1,10180.jpg
5,10181.jpg
6,10182.jpg
4,10183.jpg
6,10184.jpg
6,10185.jpg
4,10186.jpg
2,10187.jpg
2,10188.jpg
4,10189.jpg
5,10190.jpg
10,10191.jpg
4,10192.jpg
1,10193.jpg
5,10194.jpg
4,10195.jpg
5,10196.jpg
6,10197.jpg
1,10198.jpg
4,10199.jpg
2,10200.jpg
2,10201.jpg
7,10202.jpg
6,10203.jpg
2,10204.jpg
4,10205.jpg
1,10206.jpg
3,10207.jpg
10,10208.jpg
9,10209.jpg
7,10210.jpg
6,10211.jpg
5,10212.jpg
3,10213.jpg
7,10214.jpg
12,10215.jpg
8,10216.jpg
7,10217.jpg
9,10218.jpg
8,10219.jpg
7,10220.jpg
9,10221.jpg
10,10222.jpg
12,10223.jpg
5,10224.jpg
5,10225.jpg
4,10226.jpg
4,10227.jpg
3,10228.jpg
3,10229.jpg
4,10230.jpg
2,10231.jpg
3,10232.jpg
12,10233.jpg
3,10234.jpg
4,10235.jpg
3,10236.jpg
5,10237.jpg
1,10238.jpg
2,10239.jpg
2,10240.jpg
3,10241.jpg
7,10242.jpg
4,10243.jpg
4,10244.jpg
5,10245.jpg
5,10246.jpg
4,10247.jpg
3,10248.jpg
4,10249.jpg
3,10250.jpg
2,10251.jpg
5,10252.jpg
2,10253.jpg
1,10254.jpg
3,10255.jpg
3,10256.jpg
12,10257.jpg
7,10258.jpg
4,10259.jpg
2,10260.jpg
3,10261.jpg
2,10262.jpg
3,10263.jpg
0,10264.jpg
7,10265.jpg
7,10266.jpg
6,10267.jpg
6,10268.jpg
5,10269.jpg
6,10270.jpg
5,10271.jpg
4,10272.jpg
4,10273.jpg
2,10274.jpg
1,10275.jpg
8,10276.jpg
8,10277.jpg
4,10278.jpg
5,10279.jpg
2,10280.jpg
0,10281.jpg
7,10282.jpg
2,10283.jpg
4,10284.jpg
5,10285.jpg
5,10286.jpg
2,10287.jpg
1,10288.jpg
7,10289.jpg
10,10290.jpg
2,10291.jpg
5,10292.jpg
8,10293.jpg
8,10294.jpg
17,10295.jpg
7,10296.jpg
8,10297.jpg
8,10298.jpg
11,10299.jpg
3,10300.jpg
2,10301.jpg
6,10302.jpg
2,10303.jpg
11,10304.jpg
5,10305.jpg
2,10306.jpg
6,10307.jpg
3,10308.jpg
1,10309.jpg
7,10310.jpg
1,10311.jpg
5,10312.jpg
4,10313.jpg
3,10314.jpg
6,10315.jpg
9,10316.jpg
5,10317.jpg
2,10318.jpg
6,10319.jpg
13,10320.jpg
4,10321.jpg
3,10322.jpg
5,10323.jpg
4,10324.jpg
2,10325.jpg
2,10326.jpg
6,10327.jpg
6,10328.jpg
4,10329.jpg
2,10330.jpg
7,10331.jpg
2,10332.jpg
3,10333.jpg
2,10334.jpg
3,10335.jpg
6,10336.jpg
3,10337.jpg
9,10338.jpg
7,10339.jpg
7,10340.jpg
8,10341.jpg
7,10342.jpg
2,10343.jpg
5,10344.jpg
7,10345.jpg
4,10346.jpg
6,10347.jpg
2,10348.jpg
4,10349.jpg
5,10350.jpg
4,10351.jpg
3,10352.jpg
7,10353.jpg
6,10354.jpg
6,10355.jpg
1,10356.jpg
4,10357.jpg
3,10358.jpg
7,10359.jpg
8,10360.jpg
10,10361.jpg
6,10362.jpg
4,10363.jpg
5,10364.jpg
3,10365.jpg
5,10366.jpg
6,10367.jpg
5,10368.jpg
3,10369.jpg
7,10370.jpg
4,10371.jpg
8,10372.jpg
5,10373.jpg
5,10374.jpg
1,10375.jpg
8,10376.jpg
2,10377.jpg
2,10378.jpg
3,10379.jpg
9,10380.jpg
1,10381.jpg
4,10382.jpg
4,10383.jpg
3,10384.jpg
4,10385.jpg
4,10386.jpg
3,10387.jpg
5,10388.jpg
1,10389.jpg
2,10390.jpg
6,10391.jpg
7,10392.jpg
3,10393.jpg
5,10394.jpg
4,10395.jpg
6,10396.jpg
3,10397.jpg
1,10398.jpg
6,10399.jpg
4,10400.jpg
2,10401.jpg
4,10402.jpg
4,10403.jpg
3,10404.jpg
6,10405.jpg
8,10406.jpg
5,10407.jpg
6,10408.jpg
2,10409.jpg
5,10410.jpg
7,10411.jpg
2,10412.jpg
4,10413.jpg
2,10414.jpg
1,10415.jpg
4,10416.jpg
5,10417.jpg
5,10418.jpg
2,10419.jpg
7,10420.jpg
4,10421.jpg
2,10422.jpg
4,10423.jpg
10,10424.jpg
10,10425.jpg
5,10426.jpg
8,10427.jpg
5,10428.jpg
5,10429.jpg
9,10430.jpg
2,10431.jpg
6,10432.jpg
5,10433.jpg
0,10434.jpg
1,10435.jpg
3,10436.jpg
3,10437.jpg
3,10438.jpg
7,10439.jpg
0,10440.jpg
1,10441.jpg
3,10442.jpg
3,10443.jpg
0,10444.jpg
2,10445.jpg
3,10446.jpg
2,10447.jpg
2,10448.jpg
2,10449.jpg
3,10450.jpg
2,10451.jpg
4,10452.jpg
3,10453.jpg
5,10454.jpg
5,10455.jpg
4,10456.jpg
4,10457.jpg
4,10458.jpg
4,10459.jpg
6,10460.jpg
4,10461.jpg
4,10462.jpg
5,10463.jpg
5,10464.jpg
3,10465.jpg
4,10466.jpg
5,10467.jpg
7,10468.jpg
6,10469.jpg
5,10470.jpg
5,10471.jpg
8,10472.jpg
7,10473.jpg
1,10474.jpg
4,10475.jpg
6,10476.jpg
5,10477.jpg
5,10478.jpg
4,10479.jpg
3,10480.jpg
5,10481.jpg
1,10482.jpg
2,10483.jpg
5,10484.jpg
1,10485.jpg
10,10486.jpg
5,10487.jpg
7,10488.jpg
5,10489.jpg
3,10490.jpg
3,10491.jpg
4,10492.jpg
8,10493.jpg
3,10494.jpg
6,10495.jpg
4,10496.jpg
4,10497.jpg
2,10498.jpg
2,10499.jpg
1,10500.jpg
4,10501.jpg
2,10502.jpg
9,10503.jpg
8,10504.jpg
16,10505.jpg
12,10506.jpg
4,10507.jpg
8,10508.jpg
4,10509.jpg
4,10510.jpg
4,10511.jpg
2,10512.jpg
3,10513.jpg
2,10514.jpg
0,10515.jpg
5,10516.jpg
4,10517.jpg
1,10518.jpg
1,10519.jpg
1,10520.jpg
2,10521.jpg
4,10522.jpg
2,10523.jpg
3,10524.jpg
7,10525.jpg
3,10526.jpg
5,10527.jpg
3,10528.jpg
2,10529.jpg
3,10530.jpg
4,10531.jpg
5,10532.jpg
3,10533.jpg
3,10534.jpg
2,10535.jpg
7,10536.jpg
4,10537.jpg
3,10538.jpg
2,10539.jpg
0,10540.jpg
1,10541.jpg
5,10542.jpg
1,10543.jpg
1,10544.jpg
2,10545.jpg
4,10546.jpg
5,10547.jpg
1,10548.jpg
4,10549.jpg
5,10550.jpg
2,10551.jpg
3,10552.jpg
3,10553.jpg
1,10554.jpg
3,10555.jpg
3,10556.jpg
5,10557.jpg
0,10558.jpg
4,10559.jpg
8,10560.jpg
3,10561.jpg
3,10562.jpg
4,10563.jpg
5,10564.jpg
5,10565.jpg
6,10566.jpg
2,10567.jpg
5,10568.jpg
3,10569.jpg
5,10570.jpg
4,10571.jpg
7,10572.jpg
3,10573.jpg
6,10574.jpg
4,10575.jpg
1,10576.jpg
9,10577.jpg
9,10578.jpg
3,10579.jpg
4,10580.jpg
0,10581.jpg
7,10582.jpg
4,10583.jpg
5,10584.jpg
8,10585.jpg
6,10586.jpg
5,10587.jpg
4,10588.jpg
6,10589.jpg
13,10590.jpg
2,10591.jpg
3,10592.jpg
1,10593.jpg
6,10594.jpg
5,10595.jpg
8,10596.jpg
5,10597.jpg
5,10598.jpg
2,10599.jpg
3,10600.jpg
4,10601.jpg
3,10602.jpg
4,10603.jpg
3,10604.jpg
4,10605.jpg
3,10606.jpg
2,10607.jpg
4,10608.jpg
4,10609.jpg
7,10610.jpg
6,10611.jpg
1,10612.jpg
5,10613.jpg
4,10614.jpg
5,10615.jpg
5,10616.jpg
7,10617.jpg
4,10618.jpg
2,10619.jpg
2,10620.jpg
4,10621.jpg
5,10622.jpg
1,10623.jpg
0,10624.jpg
6,10625.jpg
0,10626.jpg
9,10627.jpg
5,10628.jpg
9,10629.jpg
4,10630.jpg
9,10631.jpg
5,10632.jpg
6,10633.jpg
9,10634.jpg
3,10635.jpg
12,10636.jpg
5,10637.jpg
7,10638.jpg
3,10639.jpg
3,10640.jpg
7,10641.jpg
3,10642.jpg
3,10643.jpg
3,10644.jpg
9,10645.jpg
7,10646.jpg
2,10647.jpg
2,10648.jpg
1,10649.jpg
1,10650.jpg
5,10651.jpg
4,10652.jpg
6,10653.jpg
5,10654.jpg
7,10655.jpg
3,10656.jpg
4,10657.jpg
4,10658.jpg
7,10659.jpg
4,10660.jpg
3,10661.jpg
7,10662.jpg
9,10663.jpg
6,10664.jpg
6,10665.jpg
4,10666.jpg
8,10667.jpg
5,10668.jpg
7,10669.jpg
4,10670.jpg
5,10671.jpg
8,10672.jpg
11,10673.jpg
6,10674.jpg
8,10675.jpg
7,10676.jpg
4,10677.jpg
6,10678.jpg
7,10679.jpg
3,10680.jpg
5,10681.jpg
5,10682.jpg
1,10683.jpg
8,10684.jpg
5,10685.jpg
1,10686.jpg
9,10687.jpg
2,10688.jpg
3,10689.jpg
3,10690.jpg
3,10691.jpg
0,10692.jpg
3,10693.jpg
3,10694.jpg
3,10695.jpg
2,10696.jpg
4,10697.jpg
4,10698.jpg
4,10699.jpg
3,10700.jpg
7,10701.jpg
6,10702.jpg
1,10703.jpg
4,10704.jpg
2,10705.jpg
1,10706.jpg
4,10707.jpg
5,10708.jpg
5,10709.jpg
1,10710.jpg
5,10711.jpg
4,10712.jpg
3,10713.jpg
4,10714.jpg
2,10715.jpg
2,10716.jpg
7,10717.jpg
6,10718.jpg
5,10719.jpg
3,10720.jpg
4,10721.jpg
6,10722.jpg
7,10723.jpg
5,10724.jpg
5,10725.jpg
4,10726.jpg
6,10727.jpg
4,10728.jpg
5,10729.jpg
8,10730.jpg
5,10731.jpg
5,10732.jpg
9,10733.jpg
9,10734.jpg
6,10735.jpg
8,10736.jpg
9,10737.jpg
6,10738.jpg
6,10739.jpg
6,10740.jpg
0,10741.jpg
5,10742.jpg
10,10743.jpg
7,10744.jpg
10,10745.jpg
8,10746.jpg
3,10747.jpg
5,10748.jpg
7,10749.jpg
6,10750.jpg
8,10751.jpg
4,10752.jpg
4,10753.jpg
4,10754.jpg
2,10755.jpg
4,10756.jpg
4,10757.jpg
7,10758.jpg
7,10759.jpg
4,10760.jpg
6,10761.jpg
4,10762.jpg
12,10763.jpg
6,10764.jpg
5,10765.jpg
6,10766.jpg
1,10767.jpg
6,10768.jpg
3,10769.jpg
3,10770.jpg
6,10771.jpg
7,10772.jpg
2,10773.jpg
2,10774.jpg
0,10775.jpg
3,10776.jpg
0,10777.jpg
6,10778.jpg
1,10779.jpg
2,10780.jpg
3,10781.jpg
1,10782.jpg
1,10783.jpg
7,10784.jpg
5,10785.jpg
3,10786.jpg
3,10787.jpg
3,10788.jpg
5,10789.jpg
3,10790.jpg
12,10791.jpg
2,10792.jpg
3,10793.jpg
4,10794.jpg
7,10795.jpg
6,10796.jpg
4,10797.jpg
8,10798.jpg
4,10799.jpg
1,10800.jpg
4,10801.jpg
4,10802.jpg
7,10803.jpg
5,10804.jpg
4,10805.jpg
7,10806.jpg
3,10807.jpg
5,10808.jpg
4,10809.jpg
1,10810.jpg
4,10811.jpg
3,10812.jpg
7,10813.jpg
4,10814.jpg
4,10815.jpg
6,10816.jpg
5,10817.jpg
3,10818.jpg
3,10819.jpg
7,10820.jpg
4,10821.jpg
2,10822.jpg
2,10823.jpg
5,10824.jpg
6,10825.jpg
0,10826.jpg
5,10827.jpg
7,10828.jpg
7,10829.jpg
4,10830.jpg
0,10831.jpg
6,10832.jpg
5,10833.jpg
3,10834.jpg
3,10835.jpg
2,10836.jpg
2,10837.jpg
5,10838.jpg
5,10839.jpg
4,10840.jpg
4,10841.jpg
10,10842.jpg
8,10843.jpg
7,10844.jpg
6,10845.jpg
7,10846.jpg
6,10847.jpg
2,10848.jpg
6,10849.jpg
4,10850.jpg
5,10851.jpg
2,10852.jpg
2,10853.jpg
1,10854.jpg
5,10855.jpg
7,10856.jpg
5,10857.jpg
11,10858.jpg
3,10859.jpg
4,10860.jpg
6,10861.jpg
4,10862.jpg
1,10863.jpg
5,10864.jpg
7,10865.jpg
0,10866.jpg
6,10867.jpg
5,10868.jpg
5,10869.jpg
6,10870.jpg
5,10871.jpg
3,10872.jpg
4,10873.jpg
7,10874.jpg
6,10875.jpg
5,10876.jpg
6,10877.jpg
0,10878.jpg
7,10879.jpg
10,10880.jpg
2,10881.jpg
1,10882.jpg
9,10883.jpg
3,10884.jpg
10,10885.jpg
5,10886.jpg
3,10887.jpg
5,10888.jpg
5,10889.jpg
4,10890.jpg
5,10891.jpg
5,10892.jpg
6,10893.jpg
6,10894.jpg
5,10895.jpg
5,10896.jpg
9,10897.jpg
4,10898.jpg
4,10899.jpg
7,10900.jpg
7,10901.jpg
2,10902.jpg
2,10903.jpg
11,10904.jpg
8,10905.jpg
3,10906.jpg
3,10907.jpg
6,10908.jpg
2,10909.jpg
1,10910.jpg
3,10911.jpg
5,10912.jpg
3,10913.jpg
1,10914.jpg
5,10915.jpg
7,10916.jpg
3,10917.jpg
0,10918.jpg
5,10919.jpg
3,10920.jpg
5,10921.jpg
1,10922.jpg
4,10923.jpg
2,10924.jpg
2,10925.jpg
2,10926.jpg
1,10927.jpg
5,10928.jpg
2,10929.jpg
1,10930.jpg
2,10931.jpg
0,10932.jpg
4,10933.jpg
8,10934.jpg
1,10935.jpg
5,10936.jpg
5,10937.jpg
5,10938.jpg
4,10939.jpg
5,10940.jpg
5,10941.jpg
4,10942.jpg
2,10943.jpg
4,10944.jpg
4,10945.jpg
3,10946.jpg
9,10947.jpg
5,10948.jpg
5,10949.jpg
4,10950.jpg
3,10951.jpg
4,10952.jpg
2,10953.jpg
2,10954.jpg
6,10955.jpg
9,10956.jpg
6,10957.jpg
1,10958.jpg
10,10959.jpg
5,10960.jpg
11,10961.jpg
4,10962.jpg
6,10963.jpg
2,10964.jpg
4,10965.jpg
10,10966.jpg
3,10967.jpg
5,10968.jpg
10,10969.jpg
4,10970.jpg
4,10971.jpg
1,10972.jpg
1,10973.jpg
4,10974.jpg
4,10975.jpg
4,10976.jpg
7,10977.jpg
6,10978.jpg
5,10979.jpg
6,10980.jpg
7,10981.jpg
3,10982.jpg
5,10983.jpg
2,10984.jpg
8,10985.jpg
8,10986.jpg
11,10987.jpg
11,10988.jpg
10,10989.jpg
6,10990.jpg
5,10991.jpg
9,10992.jpg
10,10993.jpg
12,10994.jpg
10,10995.jpg
9,10996.jpg
8,10997.jpg
5,10998.jpg
4,10999.jpg
3,11000.jpg
4,11001.jpg
4,11002.jpg
4,11003.jpg
4,11004.jpg
2,11005.jpg
4,11006.jpg
4,11007.jpg
5,11008.jpg
5,11009.jpg
4,11010.jpg
4,11011.jpg
4,11012.jpg
3,11013.jpg
5,11014.jpg
4,11015.jpg
5,11016.jpg
5,11017.jpg
5,11018.jpg
9,11019.jpg
8,11020.jpg
8,11021.jpg
9,11022.jpg
5,11023.jpg
2,11024.jpg
4,11025.jpg
12,11026.jpg
15,11027.jpg
4,11028.jpg
3,11029.jpg
1,11030.jpg
3,11031.jpg
8,11032.jpg
2,11033.jpg
4,11034.jpg
7,11035.jpg
9,11036.jpg
5,11037.jpg
7,11038.jpg
10,11039.jpg
4,11040.jpg
0,11041.jpg
5,11042.jpg
8,11043.jpg
2,11044.jpg
6,11045.jpg
4,11046.jpg
6,11047.jpg
6,11048.jpg
7,11049.jpg
5,11050.jpg
7,11051.jpg
5,11052.jpg
5,11053.jpg
7,11054.jpg
3,11055.jpg
3,11056.jpg
3,11057.jpg
5,11058.jpg
5,11059.jpg
5,11060.jpg
4,11061.jpg
7,11062.jpg
8,11063.jpg
4,11064.jpg
5,11065.jpg
8,11066.jpg
21,11067.jpg
6,11068.jpg
10,11069.jpg
4,11070.jpg
4,11071.jpg
2,11072.jpg
4,11073.jpg
7,11074.jpg
1,11075.jpg
4,11076.jpg
7,11077.jpg
8,11078.jpg
2,11079.jpg
3,11080.jpg
3,11081.jpg
5,11082.jpg
7,11083.jpg
4,11084.jpg
12,11085.jpg
5,11086.jpg
1,11087.jpg
7,11088.jpg
1,11089.jpg
8,11090.jpg
10,11091.jpg
7,11092.jpg
1,11093.jpg
4,11094.jpg
5,11095.jpg
9,11096.jpg
13,11097.jpg
1,11098.jpg
2,11099.jpg
4,11100.jpg
5,11101.jpg
3,11102.jpg
9,11103.jpg
5,11104.jpg
4,11105.jpg
4,11106.jpg
6,11107.jpg
8,11108.jpg
5,11109.jpg
2,11110.jpg
5,11111.jpg
5,11112.jpg
5,11113.jpg
4,11114.jpg
3,11115.jpg
4,11116.jpg
6,11117.jpg
4,11118.jpg
7,11119.jpg
5,11120.jpg
3,11121.jpg
6,11122.jpg
5,11123.jpg
2,11124.jpg
3,11125.jpg
4,11126.jpg
8,11127.jpg
6,11128.jpg
15,11129.jpg
4,11130.jpg
8,11131.jpg
3,11132.jpg
9,11133.jpg
10,11134.jpg
7,11135.jpg
6,11136.jpg
5,11137.jpg
4,11138.jpg
8,11139.jpg
5,11140.jpg
5,11141.jpg
9,11142.jpg
2,11143.jpg
1,11144.jpg
3,11145.jpg
3,11146.jpg
3,11147.jpg
8,11148.jpg
3,11149.jpg
5,11150.jpg
4,11151.jpg
5,11152.jpg
1,11153.jpg
0,11154.jpg
2,11155.jpg
5,11156.jpg
4,11157.jpg
5,11158.jpg
4,11159.jpg
5,11160.jpg
6,11161.jpg
2,11162.jpg
5,11163.jpg
11,11164.jpg
5,11165.jpg
7,11166.jpg
6,11167.jpg
7,11168.jpg
6,11169.jpg
7,11170.jpg
5,11171.jpg
5,11172.jpg
6,11173.jpg
10,11174.jpg
7,11175.jpg
4,11176.jpg
7,11177.jpg
11,11178.jpg
5,11179.jpg
6,11180.jpg
2,11181.jpg
0,11182.jpg
5,11183.jpg
8,11184.jpg
4,11185.jpg
6,11186.jpg
3,11187.jpg
5,11188.jpg
16,11189.jpg
5,11190.jpg
6,11191.jpg
3,11192.jpg
5,11193.jpg
2,11194.jpg
2,11195.jpg
10,11196.jpg
5,11197.jpg
9,11198.jpg
7,11199.jpg
2,11200.jpg
0,11201.jpg
3,11202.jpg
4,11203.jpg
7,11204.jpg
4,11205.jpg
5,11206.jpg
5,11207.jpg
3,11208.jpg
5,11209.jpg
5,11210.jpg
8,11211.jpg
7,11212.jpg
5,11213.jpg
7,11214.jpg
11,11215.jpg
4,11216.jpg
5,11217.jpg
10,11218.jpg
4,11219.jpg
3,11220.jpg
5,11221.jpg
2,11222.jpg
9,11223.jpg
7,11224.jpg
6,11225.jpg
13,11226.jpg
3,11227.jpg
5,11228.jpg
2,11229.jpg
5,11230.jpg
6,11231.jpg
6,11232.jpg
7,11233.jpg
16,11234.jpg
7,11235.jpg
3,11236.jpg
3,11237.jpg
16,11238.jpg
6,11239.jpg
6,11240.jpg
9,11241.jpg
5,11242.jpg
6,11243.jpg
3,11244.jpg
3,11245.jpg
4,11246.jpg
5,11247.jpg
6,11248.jpg
5,11249.jpg
3,11250.jpg
6,11251.jpg
2,11252.jpg
7,11253.jpg
4,11254.jpg
3,11255.jpg
4,11256.jpg
6,11257.jpg
4,11258.jpg
4,11259.jpg
2,11260.jpg
5,11261.jpg
3,11262.jpg
2,11263.jpg
4,11264.jpg
5,11265.jpg
5,11266.jpg
0,11267.jpg
7,11268.jpg
5,11269.jpg
4,11270.jpg
2,11271.jpg
5,11272.jpg
13,11273.jpg
4,11274.jpg
4,11275.jpg
3,11276.jpg
0,11277.jpg
2,11278.jpg
2,11279.jpg
2,11280.jpg
5,11281.jpg
8,11282.jpg
7,11283.jpg
3,11284.jpg
9,11285.jpg
4,11286.jpg
0,11287.jpg
1,11288.jpg
0,11289.jpg
2,11290.jpg
2,11291.jpg
12,11292.jpg
5,11293.jpg
3,11294.jpg
5,11295.jpg
10,11296.jpg
5,11297.jpg
7,11298.jpg
10,11299.jpg
3,11300.jpg
5,11301.jpg
3,11302.jpg
4,11303.jpg
2,11304.jpg
4,11305.jpg
3,11306.jpg
4,11307.jpg
6,11308.jpg
10,11309.jpg
5,11310.jpg
12,11311.jpg
7,11312.jpg
5,11313.jpg
2,11314.jpg
4,11315.jpg
2,11316.jpg
2,11317.jpg
6,11318.jpg
9,11319.jpg
4,11320.jpg
3,11321.jpg
6,11322.jpg
2,11323.jpg
2,11324.jpg
0,11325.jpg
5,11326.jpg
4,11327.jpg
0,11328.jpg
1,11329.jpg
6,11330.jpg
2,11331.jpg
6,11332.jpg
2,11333.jpg
7,11334.jpg
3,11335.jpg
3,11336.jpg
1,11337.jpg
6,11338.jpg
5,11339.jpg
2,11340.jpg
8,11341.jpg
4,11342.jpg
3,11343.jpg
4,11344.jpg
7,11345.jpg
5,11346.jpg
1,11347.jpg
8,11348.jpg
5,11349.jpg
4,11350.jpg
9,11351.jpg
2,11352.jpg
1,11353.jpg
2,11354.jpg
3,11355.jpg
2,11356.jpg
3,11357.jpg
7,11358.jpg
6,11359.jpg
8,11360.jpg
3,11361.jpg
2,11362.jpg
3,11363.jpg
7,11364.jpg
5,11365.jpg
8,11366.jpg
2,11367.jpg
7,11368.jpg
5,11369.jpg
6,11370.jpg
5,11371.jpg
5,11372.jpg
3,11373.jpg
5,11374.jpg
4,11375.jpg
10,11376.jpg
6,11377.jpg
4,11378.jpg
2,11379.jpg
10,11380.jpg
8,11381.jpg
6,11382.jpg
9,11383.jpg
12,11384.jpg
4,11385.jpg
15,11386.jpg
5,11387.jpg
6,11388.jpg
2,11389.jpg
7,11390.jpg
6,11391.jpg
3,11392.jpg
2,11393.jpg
0,11394.jpg
4,11395.jpg
6,11396.jpg
3,11397.jpg
3,11398.jpg
8,11399.jpg
5,11400.jpg
7,11401.jpg
4,11402.jpg
8,11403.jpg
0,11404.jpg
2,11405.jpg
7,11406.jpg
2,11407.jpg
3,11408.jpg
7,11409.jpg
3,11410.jpg
3,11411.jpg
2,11412.jpg
5,11413.jpg
5,11414.jpg
2,11415.jpg
1,11416.jpg
4,11417.jpg
2,11418.jpg
6,11419.jpg
2,11420.jpg
2,11421.jpg
6,11422.jpg
2,11423.jpg
7,11424.jpg
4,11425.jpg
4,11426.jpg
3,11427.jpg
5,11428.jpg
9,11429.jpg
5,11430.jpg
3,11431.jpg
3,11432.jpg
3,11433.jpg
5,11434.jpg
3,11435.jpg
4,11436.jpg
10,11437.jpg
9,11438.jpg
3,11439.jpg
3,11440.jpg
7,11441.jpg
3,11442.jpg
4,11443.jpg
5,11444.jpg
4,11445.jpg
5,11446.jpg
4,11447.jpg
4,11448.jpg
7,11449.jpg
7,11450.jpg
7,11451.jpg
7,11452.jpg
4,11453.jpg
4,11454.jpg
1,11455.jpg
8,11456.jpg
7,11457.jpg
0,11458.jpg
5,11459.jpg
1,11460.jpg
2,11461.jpg
3,11462.jpg
3,11463.jpg
8,11464.jpg
3,11465.jpg
3,11466.jpg
4,11467.jpg
1,11468.jpg
1,11469.jpg
3,11470.jpg
3,11471.jpg
3,11472.jpg
3,11473.jpg
7,11474.jpg
3,11475.jpg
3,11476.jpg
9,11477.jpg
5,11478.jpg
2,11479.jpg
5,11480.jpg
6,11481.jpg
3,11482.jpg
12,11483.jpg
8,11484.jpg
3,11485.jpg
2,11486.jpg
4,11487.jpg
3,11488.jpg
4,11489.jpg
5,11490.jpg
4,11491.jpg
2,11492.jpg
2,11493.jpg
7,11494.jpg
3,11495.jpg
4,11496.jpg
3,11497.jpg
3,11498.jpg
2,11499.jpg
3,11500.jpg
2,11501.jpg
3,11502.jpg
8,11503.jpg
1,11504.jpg
5,11505.jpg
7,11506.jpg
4,11507.jpg
21,11508.jpg
6,11509.jpg
7,11510.jpg
4,11511.jpg
2,11512.jpg
3,11513.jpg
2,11514.jpg
6,11515.jpg
4,11516.jpg
3,11517.jpg
1,11518.jpg
9,11519.jpg
2,11520.jpg
3,11521.jpg
2,11522.jpg
1,11523.jpg
3,11524.jpg
4,11525.jpg
4,11526.jpg
4,11527.jpg
4,11528.jpg
3,11529.jpg
3,11530.jpg
3,11531.jpg
1,11532.jpg
3,11533.jpg
2,11534.jpg
6,11535.jpg
0,11536.jpg
2,11537.jpg
2,11538.jpg
2,11539.jpg
2,11540.jpg
3,11541.jpg
4,11542.jpg
3,11543.jpg
3,11544.jpg
4,11545.jpg
2,11546.jpg
1,11547.jpg
3,11548.jpg
5,11549.jpg
3,11550.jpg
4,11551.jpg
3,11552.jpg
5,11553.jpg
3,11554.jpg
4,11555.jpg
2,11556.jpg
2,11557.jpg
7,11558.jpg
3,11559.jpg
4,11560.jpg
2,11561.jpg
2,11562.jpg
4,11563.jpg
3,11564.jpg
1,11565.jpg
1,11566.jpg
2,11567.jpg
4,11568.jpg
3,11569.jpg
4,11570.jpg
4,11571.jpg
1,11572.jpg
2,11573.jpg
3,11574.jpg
5,11575.jpg
3,11576.jpg
1,11577.jpg
0,11578.jpg
8,11579.jpg
4,11580.jpg
6,11581.jpg
16,11582.jpg
9,11583.jpg
11,11584.jpg
9,11585.jpg
6,11586.jpg
1,11587.jpg
6,11588.jpg
8,11589.jpg
5,11590.jpg
7,11591.jpg
3,11592.jpg
5,11593.jpg
6,11594.jpg
4,11595.jpg
4,11596.jpg
9,11597.jpg
8,11598.jpg
3,11599.jpg
9,11600.jpg
5,11601.jpg
4,11602.jpg
3,11603.jpg
6,11604.jpg
5,11605.jpg
7,11606.jpg
5,11607.jpg
3,11608.jpg
2,11609.jpg
4,11610.jpg
3,11611.jpg
2,11612.jpg
3,11613.jpg
3,11614.jpg
5,11615.jpg
6,11616.jpg
3,11617.jpg
9,11618.jpg
2,11619.jpg
6,11620.jpg
5,11621.jpg
1,11622.jpg
4,11623.jpg
5,11624.jpg
5,11625.jpg
14,11626.jpg
6,11627.jpg
11,11628.jpg
3,11629.jpg
7,11630.jpg
6,11631.jpg
2,11632.jpg
6,11633.jpg
2,11634.jpg
5,11635.jpg
6,11636.jpg
5,11637.jpg
4,11638.jpg
3,11639.jpg
10,11640.jpg
13,11641.jpg
3,11642.jpg
2,11643.jpg
3,11644.jpg
2,11645.jpg
7,11646.jpg
8,11647.jpg
6,11648.jpg
5,11649.jpg
5,11650.jpg
11,11651.jpg
2,11652.jpg
5,11653.jpg
2,11654.jpg
3,11655.jpg
2,11656.jpg
0,11657.jpg
5,11658.jpg
5,11659.jpg
4,11660.jpg
4,11661.jpg
6,11662.jpg
8,11663.jpg
6,11664.jpg
6,11665.jpg
9,11666.jpg
8,11667.jpg
6,11668.jpg
4,11669.jpg
2,11670.jpg
3,11671.jpg
14,11672.jpg
3,11673.jpg
4,11674.jpg
5,11675.jpg
8,11676.jpg
8,11677.jpg
5,11678.jpg
4,11679.jpg
4,11680.jpg
7,11681.jpg
2,11682.jpg
3,11683.jpg
5,11684.jpg
1,11685.jpg
5,11686.jpg
5,11687.jpg
4,11688.jpg
7,11689.jpg
3,11690.jpg
11,11691.jpg
6,11692.jpg
3,11693.jpg
5,11694.jpg
3,11695.jpg
7,11696.jpg
8,11697.jpg
7,11698.jpg
3,11699.jpg
8,11700.jpg
3,11701.jpg
1,11702.jpg
2,11703.jpg
1,11704.jpg
4,11705.jpg
2,11706.jpg
1,11707.jpg
8,11708.jpg
7,11709.jpg
1,11710.jpg
8,11711.jpg
4,11712.jpg
5,11713.jpg
4,11714.jpg
4,11715.jpg
6,11716.jpg
3,11717.jpg
5,11718.jpg
5,11719.jpg
3,11720.jpg
0,11721.jpg
3,11722.jpg
3,11723.jpg
4,11724.jpg
4,11725.jpg
2,11726.jpg
7,11727.jpg
5,11728.jpg
6,11729.jpg
2,11730.jpg
6,11731.jpg
4,11732.jpg
2,11733.jpg
6,11734.jpg
4,11735.jpg
6,11736.jpg
16,11737.jpg
11,11738.jpg
6,11739.jpg
7,11740.jpg
2,11741.jpg
13,11742.jpg
2,11743.jpg
5,11744.jpg
4,11745.jpg
5,11746.jpg
9,11747.jpg
9,11748.jpg
3,11749.jpg
5,11750.jpg
5,11751.jpg
5,11752.jpg
0,11753.jpg
2,11754.jpg
3,11755.jpg
8,11756.jpg
6,11757.jpg
5,11758.jpg
5,11759.jpg
5,11760.jpg
7,11761.jpg
3,11762.jpg
3,11763.jpg
4,11764.jpg
8,11765.jpg
7,11766.jpg
7,11767.jpg
5,11768.jpg
2,11769.jpg
7,11770.jpg
2,11771.jpg
4,11772.jpg
5,11773.jpg
4,11774.jpg
9,11775.jpg
1,11776.jpg
4,11777.jpg
3,11778.jpg
6,11779.jpg
7,11780.jpg
1,11781.jpg
8,11782.jpg
2,11783.jpg
10,11784.jpg
2,11785.jpg
5,11786.jpg
2,11787.jpg
4,11788.jpg
6,11789.jpg
5,11790.jpg
8,11791.jpg
7,11792.jpg
7,11793.jpg
4,11794.jpg
8,11795.jpg
9,11796.jpg
3,11797.jpg
7,11798.jpg
7,11799.jpg
4,11800.jpg
6,11801.jpg
8,11802.jpg
6,11803.jpg
4,11804.jpg
5,11805.jpg
1,11806.jpg
7,11807.jpg
3,11808.jpg
4,11809.jpg
3,11810.jpg
2,11811.jpg
2,11812.jpg
2,11813.jpg
4,11814.jpg
1,11815.jpg
4,11816.jpg
3,11817.jpg
5,11818.jpg
24,11819.jpg
4,11820.jpg
5,11821.jpg
4,11822.jpg
8,11823.jpg
2,11824.jpg
1,11825.jpg
3,11826.jpg
0,11827.jpg
2,11828.jpg
3,11829.jpg
6,11830.jpg
8,11831.jpg
5,11832.jpg
5,11833.jpg
4,11834.jpg
5,11835.jpg
5,11836.jpg
7,11837.jpg
1,11838.jpg
4,11839.jpg
4,11840.jpg
6,11841.jpg
1,11842.jpg
4,11843.jpg
7,11844.jpg
6,11845.jpg
5,11846.jpg
8,11847.jpg
9,11848.jpg
4,11849.jpg
2,11850.jpg
5,11851.jpg
1,11852.jpg
2,11853.jpg
5,11854.jpg
4,11855.jpg
6,11856.jpg
3,11857.jpg
5,11858.jpg
5,11859.jpg
10,11860.jpg
4,11861.jpg
5,11862.jpg
2,11863.jpg
2,11864.jpg
5,11865.jpg
4,11866.jpg
1,11867.jpg
2,11868.jpg
1,11869.jpg
1,11870.jpg
1,11871.jpg
4,11872.jpg
1,11873.jpg
2,11874.jpg
2,11875.jpg
4,11876.jpg
4,11877.jpg
5,11878.jpg
0,11879.jpg
6,11880.jpg
6,11881.jpg
3,11882.jpg
2,11883.jpg
5,11884.jpg
8,11885.jpg
9,11886.jpg
2,11887.jpg
7,11888.jpg
2,11889.jpg
5,11890.jpg
3,11891.jpg
4,11892.jpg
3,11893.jpg
4,11894.jpg
5,11895.jpg
4,11896.jpg
5,11897.jpg
3,11898.jpg
9,11899.jpg
5,11900.jpg
8,11901.jpg
5,11902.jpg
4,11903.jpg
5,11904.jpg
8,11905.jpg
5,11906.jpg
0,11907.jpg
7,11908.jpg
2,11909.jpg
7,11910.jpg
5,11911.jpg
3,11912.jpg
12,11913.jpg
6,11914.jpg
4,11915.jpg
5,11916.jpg
5,11917.jpg
5,11918.jpg
11,11919.jpg
2,11920.jpg
7,11921.jpg
4,11922.jpg
9,11923.jpg
3,11924.jpg
3,11925.jpg
7,11926.jpg
3,11927.jpg
1,11928.jpg
8,11929.jpg
2,11930.jpg
14,11931.jpg
4,11932.jpg
4,11933.jpg
10,11934.jpg
5,11935.jpg
5,11936.jpg
3,11937.jpg
5,11938.jpg
1,11939.jpg
8,11940.jpg
10,11941.jpg
5,11942.jpg
4,11943.jpg
5,11944.jpg
6,11945.jpg
9,11946.jpg
10,11947.jpg
4,11948.jpg
4,11949.jpg
3,11950.jpg
4,11951.jpg
9,11952.jpg
5,11953.jpg
3,11954.jpg
6,11955.jpg
2,11956.jpg
6,11957.jpg
4,11958.jpg
5,11959.jpg
6,11960.jpg
3,11961.jpg
5,11962.jpg
0,11963.jpg
3,11964.jpg
8,11965.jpg
6,11966.jpg
8,11967.jpg
4,11968.jpg
3,11969.jpg
6,11970.jpg
4,11971.jpg
3,11972.jpg
4,11973.jpg
2,11974.jpg
7,11975.jpg
6,11976.jpg
6,11977.jpg
3,11978.jpg
4,11979.jpg
2,11980.jpg
9,11981.jpg
5,11982.jpg
3,11983.jpg
2,11984.jpg
8,11985.jpg
3,11986.jpg
3,11987.jpg
2,11988.jpg
9,11989.jpg
7,11990.jpg
7,11991.jpg
4,11992.jpg
2,11993.jpg
4,11994.jpg
4,11995.jpg
8,11996.jpg
5,11997.jpg
12,11998.jpg
1,11999.jpg
6,12000.jpg
1,12001.jpg
0,12002.jpg
6,12003.jpg
2,12004.jpg
7,12005.jpg
6,12006.jpg
6,12007.jpg
9,12008.jpg
6,12009.jpg
6,12010.jpg
4,12011.jpg
5,12012.jpg
2,12013.jpg
7,12014.jpg
4,12015.jpg
5,12016.jpg
3,12017.jpg
4,12018.jpg
3,12019.jpg
6,12020.jpg
7,12021.jpg
3,12022.jpg
4,12023.jpg
5,12024.jpg
3,12025.jpg
4,12026.jpg
7,12027.jpg
4,12028.jpg
7,12029.jpg
0,12030.jpg
7,12031.jpg
8,12032.jpg
12,12033.jpg
6,12034.jpg
8,12035.jpg
8,12036.jpg
3,12037.jpg
5,12038.jpg
5,12039.jpg
5,12040.jpg
8,12041.jpg
8,12042.jpg
9,12043.jpg
8,12044.jpg
6,12045.jpg
13,12046.jpg
7,12047.jpg
3,12048.jpg
4,12049.jpg
3,12050.jpg
4,12051.jpg
4,12052.jpg
1,12053.jpg
4,12054.jpg
1,12055.jpg
4,12056.jpg
4,12057.jpg
6,12058.jpg
4,12059.jpg
4,12060.jpg
5,12061.jpg
2,12062.jpg
7,12063.jpg
6,12064.jpg
5,12065.jpg
2,12066.jpg
4,12067.jpg
5,12068.jpg
3,12069.jpg
4,12070.jpg
5,12071.jpg
6,12072.jpg
5,12073.jpg
2,12074.jpg
6,12075.jpg
3,12076.jpg
3,12077.jpg
5,12078.jpg
6,12079.jpg
7,12080.jpg
5,12081.jpg
4,12082.jpg
4,12083.jpg
3,12084.jpg
6,12085.jpg
7,12086.jpg
3,12087.jpg
3,12088.jpg
5,12089.jpg
10,12090.jpg
8,12091.jpg
8,12092.jpg
5,12093.jpg
6,12094.jpg
4,12095.jpg
2,12096.jpg
5,12097.jpg
3,12098.jpg
1,12099.jpg
5,12100.jpg
4,12101.jpg
5,12102.jpg
9,12103.jpg
5,12104.jpg
4,12105.jpg
6,12106.jpg
6,12107.jpg
7,12108.jpg
2,12109.jpg
3,12110.jpg
4,12111.jpg
3,12112.jpg
8,12113.jpg
9,12114.jpg
7,12115.jpg
12,12116.jpg
4,12117.jpg
4,12118.jpg
6,12119.jpg
2,12120.jpg
3,12121.jpg
4,12122.jpg
6,12123.jpg
3,12124.jpg
9,12125.jpg
3,12126.jpg
5,12127.jpg
3,12128.jpg
3,12129.jpg
4,12130.jpg
1,12131.jpg
7,12132.jpg
5,12133.jpg
7,12134.jpg
4,12135.jpg
4,12136.jpg
6,12137.jpg
7,12138.jpg
6,12139.jpg
3,12140.jpg
6,12141.jpg
9,12142.jpg
5,12143.jpg
8,12144.jpg
3,12145.jpg
2,12146.jpg
9,12147.jpg
4,12148.jpg
2,12149.jpg
4,12150.jpg
10,12151.jpg
12,12152.jpg
2,12153.jpg
4,12154.jpg
9,12155.jpg
5,12156.jpg
1,12157.jpg
4,12158.jpg
5,12159.jpg
5,12160.jpg
3,12161.jpg
4,12162.jpg
5,12163.jpg
3,12164.jpg
7,12165.jpg
14,12166.jpg
12,12167.jpg
8,12168.jpg
7,12169.jpg
7,12170.jpg
7,12171.jpg
3,12172.jpg
5,12173.jpg
3,12174.jpg
3,12175.jpg
7,12176.jpg
7,12177.jpg
5,12178.jpg
2,12179.jpg
4,12180.jpg
5,12181.jpg
9,12182.jpg
3,12183.jpg
3,12184.jpg
6,12185.jpg
4,12186.jpg
6,12187.jpg
4,12188.jpg
7,12189.jpg
2,12190.jpg
3,12191.jpg
4,12192.jpg
2,12193.jpg
5,12194.jpg
7,12195.jpg
8,12196.jpg
7,12197.jpg
4,12198.jpg
5,12199.jpg
5,12200.jpg
9,12201.jpg
3,12202.jpg
6,12203.jpg
6,12204.jpg
5,12205.jpg
9,12206.jpg
2,12207.jpg
4,12208.jpg
7,12209.jpg
6,12210.jpg
6,12211.jpg
5,12212.jpg
6,12213.jpg
7,12214.jpg
5,12215.jpg
6,12216.jpg
9,12217.jpg
7,12218.jpg
6,12219.jpg
3,12220.jpg
8,12221.jpg
7,12222.jpg
4,12223.jpg
5,12224.jpg
5,12225.jpg
6,12226.jpg
8,12227.jpg
5,12228.jpg
4,12229.jpg
5,12230.jpg
9,12231.jpg
5,12232.jpg
10,12233.jpg
4,12234.jpg
5,12235.jpg
3,12236.jpg
6,12237.jpg
2,12238.jpg
6,12239.jpg
5,12240.jpg
3,12241.jpg
5,12242.jpg
5,12243.jpg
5,12244.jpg
5,12245.jpg
1,12246.jpg
3,12247.jpg
5,12248.jpg
4,12249.jpg
3,12250.jpg
0,12251.jpg
2,12252.jpg
3,12253.jpg
7,12254.jpg
6,12255.jpg
6,12256.jpg
3,12257.jpg
6,12258.jpg
7,12259.jpg
6,12260.jpg
9,12261.jpg
3,12262.jpg
6,12263.jpg
2,12264.jpg
2,12265.jpg
5,12266.jpg
4,12267.jpg
6,12268.jpg
3,12269.jpg
5,12270.jpg
5,12271.jpg
3,12272.jpg
3,12273.jpg
4,12274.jpg
3,12275.jpg
6,12276.jpg
4,12277.jpg
4,12278.jpg
2,12279.jpg
4,12280.jpg
7,12281.jpg
4,12282.jpg
0,12283.jpg
4,12284.jpg
3,12285.jpg
4,12286.jpg
3,12287.jpg
2,12288.jpg
4,12289.jpg
7,12290.jpg
5,12291.jpg
6,12292.jpg
3,12293.jpg
3,12294.jpg
3,12295.jpg
1,12296.jpg
7,12297.jpg
5,12298.jpg
4,12299.jpg
3,12300.jpg
4,12301.jpg
6,12302.jpg
4,12303.jpg
5,12304.jpg
3,12305.jpg
8,12306.jpg
2,12307.jpg
3,12308.jpg
3,12309.jpg
6,12310.jpg
6,12311.jpg
4,12312.jpg
5,12313.jpg
6,12314.jpg
4,12315.jpg
5,12316.jpg
4,12317.jpg
5,12318.jpg
5,12319.jpg
6,12320.jpg
4,12321.jpg
7,12322.jpg
2,12323.jpg
7,12324.jpg
5,12325.jpg
3,12326.jpg
5,12327.jpg
2,12328.jpg
6,12329.jpg
3,12330.jpg
4,12331.jpg
2,12332.jpg
4,12333.jpg
4,12334.jpg
5,12335.jpg
8,12336.jpg
6,12337.jpg
2,12338.jpg
2,12339.jpg
3,12340.jpg
2,12341.jpg
3,12342.jpg
5,12343.jpg
2,12344.jpg
4,12345.jpg
3,12346.jpg
3,12347.jpg
5,12348.jpg
5,12349.jpg
3,12350.jpg
12,12351.jpg
1,12352.jpg
5,12353.jpg
7,12354.jpg
4,12355.jpg
4,12356.jpg
3,12357.jpg
2,12358.jpg
3,12359.jpg
0,12360.jpg
4,12361.jpg
3,12362.jpg
2,12363.jpg
3,12364.jpg
6,12365.jpg
0,12366.jpg
2,12367.jpg
3,12368.jpg
4,12369.jpg
2,12370.jpg
2,12371.jpg
1,12372.jpg
2,12373.jpg
3,12374.jpg
3,12375.jpg
5,12376.jpg
7,12377.jpg
4,12378.jpg
5,12379.jpg
3,12380.jpg
3,12381.jpg
1,12382.jpg
5,12383.jpg
4,12384.jpg
2,12385.jpg
3,12386.jpg
5,12387.jpg
3,12388.jpg
5,12389.jpg
5,12390.jpg
4,12391.jpg
3,12392.jpg
3,12393.jpg
3,12394.jpg
3,12395.jpg
5,12396.jpg
3,12397.jpg
2,12398.jpg
3,12399.jpg
4,12400.jpg
5,12401.jpg
2,12402.jpg
2,12403.jpg
2,12404.jpg
2,12405.jpg
13,12406.jpg
3,12407.jpg
2,12408.jpg
4,12409.jpg
3,12410.jpg
3,12411.jpg
2,12412.jpg
1,12413.jpg
6,12414.jpg
2,12415.jpg
8,12416.jpg
4,12417.jpg
2,12418.jpg
1,12419.jpg
2,12420.jpg
2,12421.jpg
7,12422.jpg
3,12423.jpg
9,12424.jpg
7,12425.jpg
8,12426.jpg
9,12427.jpg
13,12428.jpg
3,12429.jpg
6,12430.jpg
4,12431.jpg
4,12432.jpg
9,12433.jpg
2,12434.jpg
0,12435.jpg
6,12436.jpg
4,12437.jpg
11,12438.jpg
7,12439.jpg
6,12440.jpg
7,12441.jpg
6,12442.jpg
8,12443.jpg
6,12444.jpg
4,12445.jpg
2,12446.jpg
14,12447.jpg
2,12448.jpg
3,12449.jpg
4,12450.jpg
8,12451.jpg
4,12452.jpg
7,12453.jpg
5,12454.jpg
1,12455.jpg
4,12456.jpg
5,12457.jpg
8,12458.jpg
5,12459.jpg
8,12460.jpg
3,12461.jpg
4,12462.jpg
12,12463.jpg
3,12464.jpg
3,12465.jpg
5,12466.jpg
7,12467.jpg
1,12468.jpg
3,12469.jpg
1,12470.jpg
7,12471.jpg
2,12472.jpg
4,12473.jpg
2,12474.jpg
2,12475.jpg
2,12476.jpg
3,12477.jpg
14,12478.jpg
7,12479.jpg
3,12480.jpg
3,12481.jpg
5,12482.jpg
5,12483.jpg
4,12484.jpg
6,12485.jpg
6,12486.jpg
2,12487.jpg
5,12488.jpg
4,12489.jpg
3,12490.jpg
6,12491.jpg
4,12492.jpg
2,12493.jpg
3,12494.jpg
5,12495.jpg
2,12496.jpg
3,12497.jpg
0,12498.jpg
2,12499.jpg
4,12500.jpg
3,12501.jpg
3,12502.jpg
5,12503.jpg
2,12504.jpg
6,12505.jpg
4,12506.jpg
5,12507.jpg
1,12508.jpg
7,12509.jpg
6,12510.jpg
9,12511.jpg
3,12512.jpg
9,12513.jpg
4,12514.jpg
6,12515.jpg
8,12516.jpg
3,12517.jpg
3,12518.jpg
5,12519.jpg
4,12520.jpg
7,12521.jpg
4,12522.jpg
1,12523.jpg
5,12524.jpg
4,12525.jpg
5,12526.jpg
3,12527.jpg
1,12528.jpg
3,12529.jpg
5,12530.jpg
3,12531.jpg
1,12532.jpg
7,12533.jpg
1,12534.jpg
3,12535.jpg
2,12536.jpg
7,12537.jpg
1,12538.jpg
3,12539.jpg
7,12540.jpg
8,12541.jpg
3,12542.jpg
5,12543.jpg
4,12544.jpg
4,12545.jpg
3,12546.jpg
6,12547.jpg
3,12548.jpg
4,12549.jpg
3,12550.jpg
5,12551.jpg
1,12552.jpg
0,12553.jpg
3,12554.jpg
6,12555.jpg
6,12556.jpg
5,12557.jpg
2,12558.jpg
2,12559.jpg
8,12560.jpg
3,12561.jpg
3,12562.jpg
4,12563.jpg
3,12564.jpg
4,12565.jpg
6,12566.jpg
4,12567.jpg
5,12568.jpg
3,12569.jpg
2,12570.jpg
0,12571.jpg
3,12572.jpg
4,12573.jpg
3,12574.jpg
4,12575.jpg
5,12576.jpg
6,12577.jpg
3,12578.jpg
1,12579.jpg
3,12580.jpg
0,12581.jpg
5,12582.jpg
6,12583.jpg
2,12584.jpg
1,12585.jpg
1,12586.jpg
4,12587.jpg
3,12588.jpg
7,12589.jpg
6,12590.jpg
5,12591.jpg
5,12592.jpg
1,12593.jpg
5,12594.jpg
9,12595.jpg
6,12596.jpg
4,12597.jpg
4,12598.jpg
7,12599.jpg
2,12600.jpg
3,12601.jpg
7,12602.jpg
8,12603.jpg
6,12604.jpg
7,12605.jpg
4,12606.jpg
3,12607.jpg
7,12608.jpg
3,12609.jpg
4,12610.jpg
4,12611.jpg
5,12612.jpg
2,12613.jpg
2,12614.jpg
2,12615.jpg
5,12616.jpg
9,12617.jpg
2,12618.jpg
4,12619.jpg
5,12620.jpg
1,12621.jpg
5,12622.jpg
3,12623.jpg
5,12624.jpg
6,12625.jpg
6,12626.jpg
9,12627.jpg
11,12628.jpg
0,12629.jpg
4,12630.jpg
1,12631.jpg
4,12632.jpg
6,12633.jpg
1,12634.jpg
7,12635.jpg
5,12636.jpg
2,12637.jpg
3,12638.jpg
4,12639.jpg
1,12640.jpg
8,12641.jpg
5,12642.jpg
12,12643.jpg
13,12644.jpg
4,12645.jpg
6,12646.jpg
3,12647.jpg
3,12648.jpg
4,12649.jpg
5,12650.jpg
10,12651.jpg
5,12652.jpg
5,12653.jpg
5,12654.jpg
4,12655.jpg
9,12656.jpg
3,12657.jpg
8,12658.jpg
5,12659.jpg
25,12660.jpg
16,12661.jpg
10,12662.jpg
3,12663.jpg
7,12664.jpg
18,12665.jpg
11,12666.jpg
6,12667.jpg
5,12668.jpg
5,12669.jpg
9,12670.jpg
3,12671.jpg
7,12672.jpg
5,12673.jpg
5,12674.jpg
10,12675.jpg
7,12676.jpg
2,12677.jpg
7,12678.jpg
3,12679.jpg
5,12680.jpg
9,12681.jpg
7,12682.jpg
5,12683.jpg
3,12684.jpg
8,12685.jpg
5,12686.jpg
3,12687.jpg
4,12688.jpg
2,12689.jpg
3,12690.jpg
3,12691.jpg
4,12692.jpg
2,12693.jpg
3,12694.jpg
3,12695.jpg
1,12696.jpg
1,12697.jpg
0,12698.jpg
1,12699.jpg
5,12700.jpg
2,12701.jpg
7,12702.jpg
3,12703.jpg
4,12704.jpg
3,12705.jpg
3,12706.jpg
8,12707.jpg
5,12708.jpg
6,12709.jpg
2,12710.jpg
3,12711.jpg
2,12712.jpg
2,12713.jpg
3,12714.jpg
6,12715.jpg
8,12716.jpg
2,12717.jpg
6,12718.jpg
3,12719.jpg
7,12720.jpg
3,12721.jpg
7,12722.jpg
3,12723.jpg
5,12724.jpg
7,12725.jpg
16,12726.jpg
10,12727.jpg
16,12728.jpg
3,12729.jpg
4,12730.jpg
4,12731.jpg
5,12732.jpg
3,12733.jpg
1,12734.jpg
3,12735.jpg
6,12736.jpg
4,12737.jpg
2,12738.jpg
6,12739.jpg
7,12740.jpg
8,12741.jpg
5,12742.jpg
5,12743.jpg
26,12744.jpg
7,12745.jpg
3,12746.jpg
3,12747.jpg
5,12748.jpg
1,12749.jpg
5,12750.jpg
3,12751.jpg
3,12752.jpg
4,12753.jpg
2,12754.jpg
2,12755.jpg
5,12756.jpg
6,12757.jpg
5,12758.jpg
5,12759.jpg
1,12760.jpg
6,12761.jpg
3,12762.jpg
5,12763.jpg
3,12764.jpg
4,12765.jpg
4,12766.jpg
8,12767.jpg
2,12768.jpg
3,12769.jpg
2,12770.jpg
4,12771.jpg
6,12772.jpg
1,12773.jpg
1,12774.jpg
1,12775.jpg
3,12776.jpg
2,12777.jpg
2,12778.jpg
1,12779.jpg
1,12780.jpg
8,12781.jpg
10,12782.jpg
8,12783.jpg
6,12784.jpg
8,12785.jpg
7,12786.jpg
3,12787.jpg
5,12788.jpg
8,12789.jpg
2,12790.jpg
5,12791.jpg
8,12792.jpg
4,12793.jpg
6,12794.jpg
6,12795.jpg
3,12796.jpg
1,12797.jpg
3,12798.jpg
6,12799.jpg
1,12800.jpg
2,12801.jpg
4,12802.jpg
7,12803.jpg
2,12804.jpg
1,12805.jpg
3,12806.jpg
2,12807.jpg
6,12808.jpg
2,12809.jpg
7,12810.jpg
7,12811.jpg
6,12812.jpg
4,12813.jpg
6,12814.jpg
4,12815.jpg
6,12816.jpg
6,12817.jpg
6,12818.jpg
5,12819.jpg
4,12820.jpg
4,12821.jpg
7,12822.jpg
5,12823.jpg
1,12824.jpg
4,12825.jpg
4,12826.jpg
1,12827.jpg
4,12828.jpg
1,12829.jpg
5,12830.jpg
3,12831.jpg
4,12832.jpg
4,12833.jpg
8,12834.jpg
13,12835.jpg
9,12836.jpg
3,12837.jpg
7,12838.jpg
8,12839.jpg
4,12840.jpg
3,12841.jpg
5,12842.jpg
10,12843.jpg
6,12844.jpg
9,12845.jpg
5,12846.jpg
5,12847.jpg
5,12848.jpg
6,12849.jpg
4,12850.jpg
4,12851.jpg
6,12852.jpg
5,12853.jpg
3,12854.jpg
6,12855.jpg
1,12856.jpg
1,12857.jpg
6,12858.jpg
4,12859.jpg
2,12860.jpg
2,12861.jpg
5,12862.jpg
4,12863.jpg
2,12864.jpg
2,12865.jpg
6,12866.jpg
15,12867.jpg
9,12868.jpg
6,12869.jpg
5,12870.jpg
7,12871.jpg
1,12872.jpg
3,12873.jpg
5,12874.jpg
4,12875.jpg
5,12876.jpg
3,12877.jpg
3,12878.jpg
3,12879.jpg
3,12880.jpg
3,12881.jpg
4,12882.jpg
7,12883.jpg
8,12884.jpg
4,12885.jpg
2,12886.jpg
2,12887.jpg
5,12888.jpg
5,12889.jpg
2,12890.jpg
6,12891.jpg
7,12892.jpg
7,12893.jpg
8,12894.jpg
10,12895.jpg
4,12896.jpg
6,12897.jpg
4,12898.jpg
6,12899.jpg
7,12900.jpg
8,12901.jpg
9,12902.jpg
6,12903.jpg
6,12904.jpg
7,12905.jpg
6,12906.jpg
5,12907.jpg
6,12908.jpg
5,12909.jpg
4,12910.jpg
4,12911.jpg
2,12912.jpg
5,12913.jpg
5,12914.jpg
2,12915.jpg
3,12916.jpg
4,12917.jpg
6,12918.jpg
6,12919.jpg
8,12920.jpg
7,12921.jpg
3,12922.jpg
4,12923.jpg
6,12924.jpg
6,12925.jpg
3,12926.jpg
2,12927.jpg
4,12928.jpg
4,12929.jpg
5,12930.jpg
3,12931.jpg
0,12932.jpg
3,12933.jpg
7,12934.jpg
4,12935.jpg
7,12936.jpg
9,12937.jpg
5,12938.jpg
3,12939.jpg
5,12940.jpg
5,12941.jpg
11,12942.jpg
1,12943.jpg
3,12944.jpg
8,12945.jpg
2,12946.jpg
2,12947.jpg
7,12948.jpg
5,12949.jpg
7,12950.jpg
6,12951.jpg
6,12952.jpg
12,12953.jpg
2,12954.jpg
5,12955.jpg
3,12956.jpg
1,12957.jpg
2,12958.jpg
2,12959.jpg
6,12960.jpg
2,12961.jpg
2,12962.jpg
2,12963.jpg
2,12964.jpg
6,12965.jpg
5,12966.jpg
6,12967.jpg
3,12968.jpg
3,12969.jpg
1,12970.jpg
6,12971.jpg
3,12972.jpg
1,12973.jpg
2,12974.jpg
5,12975.jpg
3,12976.jpg
1,12977.jpg
7,12978.jpg
4,12979.jpg
6,12980.jpg
7,12981.jpg
3,12982.jpg
3,12983.jpg
3,12984.jpg
2,12985.jpg
4,12986.jpg
3,12987.jpg
4,12988.jpg
7,12989.jpg
4,12990.jpg
5,12991.jpg
6,12992.jpg
8,12993.jpg
8,12994.jpg
5,12995.jpg
5,12996.jpg
9,12997.jpg
3,12998.jpg
5,12999.jpg
4,13000.jpg
11,13001.jpg
2,13002.jpg
6,13003.jpg
10,13004.jpg
7,13005.jpg
10,13006.jpg
3,13007.jpg
7,13008.jpg
9,13009.jpg
6,13010.jpg
6,13011.jpg
10,13012.jpg
1,13013.jpg
4,13014.jpg
1,13015.jpg
19,13016.jpg
4,13017.jpg
4,13018.jpg
6,13019.jpg
5,13020.jpg
4,13021.jpg
6,13022.jpg
5,13023.jpg
4,13024.jpg
0,13025.jpg
10,13026.jpg
6,13027.jpg
5,13028.jpg
0,13029.jpg
4,13030.jpg
2,13031.jpg
6,13032.jpg
6,13033.jpg
4,13034.jpg
4,13035.jpg
2,13036.jpg
4,13037.jpg
6,13038.jpg
3,13039.jpg
5,13040.jpg
3,13041.jpg
2,13042.jpg
3,13043.jpg
1,13044.jpg
4,13045.jpg
4,13046.jpg
0,13047.jpg
1,13048.jpg
1,13049.jpg
9,13050.jpg
1,13051.jpg
10,13052.jpg
7,13053.jpg
3,13054.jpg
9,13055.jpg
6,13056.jpg
1,13057.jpg
1,13058.jpg
4,13059.jpg
7,13060.jpg
7,13061.jpg
6,13062.jpg
3,13063.jpg
5,13064.jpg
5,13065.jpg
3,13066.jpg
3,13067.jpg
6,13068.jpg
2,13069.jpg
4,13070.jpg
3,13071.jpg
1,13072.jpg
4,13073.jpg
8,13074.jpg
0,13075.jpg
5,13076.jpg
8,13077.jpg
6,13078.jpg
1,13079.jpg
4,13080.jpg
8,13081.jpg
5,13082.jpg
7,13083.jpg
4,13084.jpg
2,13085.jpg
6,13086.jpg
7,13087.jpg
4,13088.jpg
3,13089.jpg
6,13090.jpg
6,13091.jpg
5,13092.jpg
6,13093.jpg
7,13094.jpg
5,13095.jpg
5,13096.jpg
3,13097.jpg
5,13098.jpg
5,13099.jpg
7,13100.jpg
6,13101.jpg
7,13102.jpg
8,13103.jpg
6,13104.jpg
1,13105.jpg
8,13106.jpg
6,13107.jpg
3,13108.jpg
3,13109.jpg
4,13110.jpg
7,13111.jpg
3,13112.jpg
5,13113.jpg
5,13114.jpg
3,13115.jpg
8,13116.jpg
2,13117.jpg
5,13118.jpg
1,13119.jpg
1,13120.jpg
4,13121.jpg
3,13122.jpg
5,13123.jpg
4,13124.jpg
2,13125.jpg
7,13126.jpg
3,13127.jpg
6,13128.jpg
8,13129.jpg
11,13130.jpg
5,13131.jpg
6,13132.jpg
5,13133.jpg
4,13134.jpg
5,13135.jpg
9,13136.jpg
13,13137.jpg
0,13138.jpg
3,13139.jpg
6,13140.jpg
3,13141.jpg
4,13142.jpg
5,13143.jpg
5,13144.jpg
6,13145.jpg
2,13146.jpg
2,13147.jpg
5,13148.jpg
5,13149.jpg
4,13150.jpg
5,13151.jpg
5,13152.jpg
2,13153.jpg
5,13154.jpg
3,13155.jpg
4,13156.jpg
6,13157.jpg
9,13158.jpg
9,13159.jpg
4,13160.jpg
8,13161.jpg
4,13162.jpg
7,13163.jpg
6,13164.jpg
4,13165.jpg
6,13166.jpg
0,13167.jpg
3,13168.jpg
6,13169.jpg
5,13170.jpg
6,13171.jpg
15,13172.jpg
7,13173.jpg
3,13174.jpg
3,13175.jpg
5,13176.jpg
8,13177.jpg
8,13178.jpg
4,13179.jpg
6,13180.jpg
5,13181.jpg
2,13182.jpg
5,13183.jpg
1,13184.jpg
6,13185.jpg
7,13186.jpg
9,13187.jpg
6,13188.jpg
5,13189.jpg
5,13190.jpg
2,13191.jpg
7,13192.jpg
8,13193.jpg
2,13194.jpg
4,13195.jpg
1,13196.jpg
3,13197.jpg
5,13198.jpg
5,13199.jpg
3,13200.jpg
8,13201.jpg
1,13202.jpg
6,13203.jpg
5,13204.jpg
3,13205.jpg
4,13206.jpg
3,13207.jpg
2,13208.jpg
5,13209.jpg
4,13210.jpg
7,13211.jpg
1,13212.jpg
1,13213.jpg
3,13214.jpg
5,13215.jpg
4,13216.jpg
4,13217.jpg
3,13218.jpg
1,13219.jpg
3,13220.jpg
1,13221.jpg
2,13222.jpg
3,13223.jpg
5,13224.jpg
2,13225.jpg
9,13226.jpg
5,13227.jpg
5,13228.jpg
1,13229.jpg
5,13230.jpg
6,13231.jpg
4,13232.jpg
7,13233.jpg
5,13234.jpg
4,13235.jpg
6,13236.jpg
10,13237.jpg
5,13238.jpg
5,13239.jpg
0,13240.jpg
2,13241.jpg
5,13242.jpg
2,13243.jpg
2,13244.jpg
2,13245.jpg
4,13247.jpg
5,13248.jpg
7,13249.jpg
6,13250.jpg
5,13251.jpg
3,13252.jpg
4,13253.jpg
4,13254.jpg
5,13255.jpg
5,13256.jpg
4,13257.jpg
2,13258.jpg
4,13259.jpg
4,13260.jpg
2,13261.jpg
5,13262.jpg
3,13263.jpg
7,13264.jpg
1,13265.jpg
6,13266.jpg
2,13267.jpg
8,13268.jpg
3,13269.jpg
8,13270.jpg
4,13271.jpg
2,13272.jpg
2,13273.jpg
4,13274.jpg
2,13275.jpg
2,13276.jpg
6,13277.jpg
4,13278.jpg
5,13279.jpg
7,13280.jpg
7,13281.jpg
6,13282.jpg
3,13283.jpg
4,13284.jpg
4,13285.jpg
6,13286.jpg
1,13287.jpg
18,13288.jpg
5,13289.jpg
8,13290.jpg
5,13291.jpg
0,13292.jpg
0,13293.jpg
2,13294.jpg
0,13295.jpg
6,13296.jpg
4,13297.jpg
5,13298.jpg
3,13299.jpg
3,13300.jpg
3,13301.jpg
7,13302.jpg
4,13303.jpg
6,13304.jpg
0,13305.jpg
3,13306.jpg
5,13307.jpg
5,13308.jpg
0,13309.jpg
4,13310.jpg
4,13311.jpg
4,13312.jpg
1,13313.jpg
3,13314.jpg
3,13315.jpg
3,13316.jpg
5,13317.jpg
1,13318.jpg
10,13319.jpg
2,13320.jpg
6,13321.jpg
6,13322.jpg
6,13323.jpg
6,13324.jpg
7,13325.jpg
4,13326.jpg
6,13327.jpg
4,13328.jpg
4,13329.jpg
6,13330.jpg
5,13331.jpg
9,13332.jpg
5,13333.jpg
10,13334.jpg
7,13335.jpg
8,13336.jpg
2,13337.jpg
5,13338.jpg
5,13339.jpg
3,13340.jpg
2,13341.jpg
5,13342.jpg
4,13343.jpg
5,13344.jpg
5,13345.jpg
5,13346.jpg
4,13347.jpg
5,13348.jpg
7,13349.jpg
8,13350.jpg
5,13351.jpg
3,13352.jpg
3,13353.jpg
7,13354.jpg
6,13355.jpg
5,13356.jpg
18,13357.jpg
4,13358.jpg
6,13359.jpg
4,13360.jpg
4,13361.jpg
2,13362.jpg
4,13363.jpg
4,13364.jpg
3,13365.jpg
5,13366.jpg
3,13367.jpg
2,13368.jpg
5,13369.jpg
4,13370.jpg
5,13371.jpg
3,13372.jpg
2,13373.jpg
1,13374.jpg
6,13375.jpg
4,13376.jpg
2,13377.jpg
6,13378.jpg
8,13379.jpg
8,13380.jpg
3,13381.jpg
2,13382.jpg
4,13383.jpg
1,13384.jpg
4,13385.jpg
4,13386.jpg
5,13387.jpg
3,13388.jpg
4,13389.jpg
1,13390.jpg
3,13391.jpg
3,13392.jpg
8,13393.jpg
10,13394.jpg
4,13395.jpg
1,13396.jpg
5,13397.jpg
4,13398.jpg
8,13399.jpg
21,13400.jpg
16,13401.jpg
5,13402.jpg
10,13403.jpg
6,13404.jpg
4,13405.jpg
0,13406.jpg
2,13407.jpg
7,13408.jpg
7,13409.jpg
11,13410.jpg
8,13411.jpg
10,13412.jpg
13,13413.jpg
4,13414.jpg
4,13415.jpg
10,13416.jpg
3,13417.jpg
3,13418.jpg
3,13419.jpg
5,13420.jpg
4,13421.jpg
9,13422.jpg
5,13423.jpg
8,13424.jpg
0,13425.jpg
0,13426.jpg
5,13427.jpg
8,13428.jpg
7,13429.jpg
3,13430.jpg
13,13431.jpg
4,13432.jpg
4,13433.jpg
3,13434.jpg
4,13435.jpg
3,13436.jpg
7,13437.jpg
4,13438.jpg
6,13439.jpg
3,13440.jpg
2,13441.jpg
3,13442.jpg
2,13443.jpg
2,13444.jpg
4,13445.jpg
6,13446.jpg
3,13447.jpg
3,13448.jpg
6,13449.jpg
7,13450.jpg
5,13451.jpg
1,13452.jpg
6,13453.jpg
3,13454.jpg
0,13455.jpg
4,13456.jpg
3,13457.jpg
11,13458.jpg
11,13459.jpg
4,13460.jpg
6,13461.jpg
9,13462.jpg
3,13463.jpg
12,13464.jpg
5,13465.jpg
9,13466.jpg
0,13467.jpg
5,13468.jpg
5,13469.jpg
3,13470.jpg
2,13471.jpg
6,13472.jpg
1,13473.jpg
5,13474.jpg
4,13475.jpg
3,13476.jpg
5,13477.jpg
5,13478.jpg
2,13479.jpg
3,13480.jpg
3,13481.jpg
3,13482.jpg
6,13483.jpg
0,13484.jpg
6,13485.jpg
5,13486.jpg
2,13487.jpg
0,13488.jpg
0,13489.jpg
10,13490.jpg
7,13491.jpg
7,13492.jpg
2,13493.jpg
1,13494.jpg
9,13495.jpg
9,13496.jpg
12,13497.jpg
4,13498.jpg
7,13499.jpg
3,13500.jpg
0,13501.jpg
4,13502.jpg
3,13503.jpg
6,13504.jpg
6,13505.jpg
9,13506.jpg
10,13507.jpg
9,13508.jpg
11,13509.jpg
6,13510.jpg
6,13511.jpg
11,13512.jpg
3,13513.jpg
8,13514.jpg
3,13515.jpg
1,13516.jpg
4,13517.jpg
5,13518.jpg
7,13519.jpg
4,13520.jpg
9,13521.jpg
10,13522.jpg
6,13523.jpg
3,13524.jpg
7,13525.jpg
1,13526.jpg
4,13527.jpg
6,13528.jpg
5,13529.jpg
4,13530.jpg
3,13531.jpg
4,13532.jpg
4,13533.jpg
8,13534.jpg
4,13535.jpg
3,13536.jpg
6,13537.jpg
2,13538.jpg
4,13539.jpg
3,13540.jpg
7,13541.jpg
8,13542.jpg
3,13543.jpg
9,13544.jpg
8,13545.jpg
1,13546.jpg
1,13547.jpg
4,13548.jpg
4,13549.jpg
1,13550.jpg
4,13551.jpg
10,13552.jpg
2,13553.jpg
1,13554.jpg
4,13555.jpg
8,13556.jpg
6,13557.jpg
2,13558.jpg
5,13559.jpg
7,13560.jpg
12,13561.jpg
4,13562.jpg
5,13563.jpg
3,13564.jpg
5,13565.jpg
2,13566.jpg
4,13567.jpg
4,13568.jpg
5,13569.jpg
4,13570.jpg
3,13571.jpg
6,13572.jpg
8,13573.jpg
3,13574.jpg
3,13575.jpg
7,13576.jpg
3,13577.jpg
2,13578.jpg
1,13579.jpg
2,13580.jpg
7,13581.jpg
2,13582.jpg
2,13583.jpg
7,13584.jpg
2,13585.jpg
4,13586.jpg
9,13587.jpg
4,13588.jpg
4,13589.jpg
5,13590.jpg
6,13591.jpg
1,13592.jpg
5,13593.jpg
4,13594.jpg
4,13595.jpg
1,13596.jpg
3,13597.jpg
9,13598.jpg
4,13599.jpg
4,13600.jpg
5,13601.jpg
0,13602.jpg
2,13603.jpg
4,13604.jpg
3,13605.jpg
4,13606.jpg
4,13607.jpg
6,13608.jpg
5,13609.jpg
3,13610.jpg
3,13611.jpg
5,13612.jpg
5,13613.jpg
2,13614.jpg
5,13615.jpg
9,13616.jpg
11,13617.jpg
8,13618.jpg
0,13619.jpg
4,13620.jpg
8,13621.jpg
6,13622.jpg
9,13623.jpg
5,13624.jpg
3,13625.jpg
3,13626.jpg
1,13627.jpg
2,13628.jpg
6,13629.jpg
8,13630.jpg
5,13631.jpg
5,13632.jpg
3,13633.jpg
4,13634.jpg
7,13635.jpg
4,13636.jpg
5,13637.jpg
3,13638.jpg
3,13639.jpg
7,13640.jpg
3,13641.jpg
7,13642.jpg
4,13643.jpg
1,13644.jpg
6,13645.jpg
8,13646.jpg
4,13647.jpg
11,13648.jpg
8,13649.jpg
4,13650.jpg
6,13651.jpg
2,13652.jpg
1,13653.jpg
5,13654.jpg
3,13655.jpg
4,13656.jpg
3,13657.jpg
10,13658.jpg
3,13659.jpg
2,13660.jpg
5,13661.jpg
3,13662.jpg
2,13663.jpg
4,13664.jpg
5,13665.jpg
3,13666.jpg
12,13667.jpg
7,13668.jpg
6,13669.jpg
3,13670.jpg
3,13671.jpg
7,13672.jpg
14,13673.jpg
11,13674.jpg
7,13675.jpg
6,13676.jpg
3,13677.jpg
3,13678.jpg
3,13679.jpg
6,13680.jpg
3,13681.jpg
2,13682.jpg
3,13683.jpg
2,13684.jpg
2,13685.jpg
5,13686.jpg
3,13687.jpg
2,13688.jpg
4,13689.jpg
3,13690.jpg
1,13691.jpg
5,13692.jpg
5,13693.jpg
1,13694.jpg
4,13695.jpg
3,13696.jpg
7,13697.jpg
6,13698.jpg
4,13699.jpg
2,13700.jpg
9,13701.jpg
8,13702.jpg
4,13703.jpg
7,13704.jpg
7,13705.jpg
5,13706.jpg
8,13707.jpg
8,13708.jpg
4,13709.jpg
4,13710.jpg
7,13711.jpg
3,13712.jpg
2,13713.jpg
5,13714.jpg
2,13715.jpg
6,13716.jpg
3,13717.jpg
4,13718.jpg
8,13719.jpg
5,13720.jpg
6,13721.jpg
7,13722.jpg
4,13723.jpg
3,13724.jpg
0,13725.jpg
5,13726.jpg
2,13727.jpg
3,13728.jpg
4,13729.jpg
3,13730.jpg
3,13731.jpg
4,13732.jpg
4,13733.jpg
5,13734.jpg
4,13735.jpg
5,13736.jpg
5,13737.jpg
5,13738.jpg
4,13739.jpg
13,13740.jpg
6,13741.jpg
3,13742.jpg
3,13743.jpg
3,13744.jpg
3,13745.jpg
4,13746.jpg
3,13747.jpg
5,13748.jpg
3,13749.jpg
5,13750.jpg
4,13751.jpg
2,13752.jpg
5,13753.jpg
7,13754.jpg
2,13755.jpg
3,13756.jpg
4,13757.jpg
4,13758.jpg
4,13759.jpg
2,13760.jpg
10,13761.jpg
1,13762.jpg
0,13763.jpg
4,13764.jpg
4,13765.jpg
3,13766.jpg
3,13767.jpg
1,13768.jpg
4,13769.jpg
7,13770.jpg
4,13771.jpg
3,13772.jpg
2,13773.jpg
2,13774.jpg
0,13775.jpg
8,13776.jpg
4,13777.jpg
7,13778.jpg
12,13779.jpg
7,13780.jpg
6,13781.jpg
8,13782.jpg
4,13783.jpg
3,13784.jpg
3,13785.jpg
3,13786.jpg
6,13787.jpg
6,13788.jpg
4,13789.jpg
5,13790.jpg
8,13791.jpg
8,13792.jpg
4,13793.jpg
6,13794.jpg
5,13795.jpg
5,13796.jpg
3,13797.jpg
4,13798.jpg
5,13799.jpg
3,13800.jpg
3,13801.jpg
4,13802.jpg
3,13803.jpg
5,13804.jpg
2,13805.jpg
2,13806.jpg
3,13807.jpg
9,13808.jpg
4,13809.jpg
5,13810.jpg
1,13811.jpg
2,13812.jpg
4,13813.jpg
5,13814.jpg
3,13815.jpg
5,13816.jpg
5,13817.jpg
4,13818.jpg
6,13819.jpg
3,13820.jpg
5,13821.jpg
8,13822.jpg
5,13823.jpg
3,13824.jpg
3,13825.jpg
6,13826.jpg
3,13827.jpg
5,13828.jpg
7,13829.jpg
5,13830.jpg
4,13831.jpg
4,13832.jpg
5,13833.jpg
9,13834.jpg
6,13835.jpg
4,13836.jpg
2,13837.jpg
3,13838.jpg
7,13839.jpg
1,13840.jpg
0,13841.jpg
9,13842.jpg
6,13843.jpg
5,13844.jpg
4,13845.jpg
9,13846.jpg
5,13847.jpg
6,13848.jpg
7,13849.jpg
4,13850.jpg
8,13851.jpg
7,13852.jpg
4,13853.jpg
4,13854.jpg
10,13855.jpg
9,13856.jpg
5,13857.jpg
7,13858.jpg
6,13859.jpg
5,13860.jpg
6,13861.jpg
4,13862.jpg
2,13863.jpg
4,13864.jpg
7,13865.jpg
3,13866.jpg
4,13867.jpg
3,13868.jpg
4,13869.jpg
2,13870.jpg
1,13871.jpg
4,13872.jpg
1,13873.jpg
1,13874.jpg
3,13875.jpg
6,13876.jpg
4,13877.jpg
1,13878.jpg
3,13879.jpg
4,13880.jpg
5,13881.jpg
8,13882.jpg
6,13883.jpg
7,13884.jpg
4,13885.jpg
4,13886.jpg
2,13887.jpg
1,13888.jpg
2,13889.jpg
1,13890.jpg
4,13891.jpg
2,13892.jpg
1,13893.jpg
3,13894.jpg
3,13895.jpg
4,13896.jpg
3,13897.jpg
3,13898.jpg
2,13899.jpg
5,13900.jpg
1,13901.jpg
8,13902.jpg
2,13903.jpg
6,13904.jpg
3,13905.jpg
5,13906.jpg
3,13907.jpg
3,13908.jpg
2,13909.jpg
2,13910.jpg
5,13911.jpg
1,13912.jpg
0,13913.jpg
3,13914.jpg
3,13915.jpg
1,13916.jpg
2,13917.jpg
0,13918.jpg
0,13919.jpg
2,13920.jpg
0,13921.jpg
0,13922.jpg
4,13923.jpg
5,13924.jpg
3,13925.jpg
1,13926.jpg
2,13927.jpg
1,13928.jpg
3,13929.jpg
3,13930.jpg
4,13931.jpg
5,13932.jpg
4,13933.jpg
3,13934.jpg
0,13935.jpg
2,13936.jpg
3,13937.jpg
5,13938.jpg
3,13939.jpg
3,13940.jpg
1,13941.jpg
2,13942.jpg
0,13943.jpg
3,13944.jpg
1,13945.jpg
4,13946.jpg
4,13947.jpg
2,13948.jpg
3,13949.jpg
3,13950.jpg
2,13951.jpg
4,13952.jpg
3,13953.jpg
10,13954.jpg
9,13955.jpg
1,13956.jpg
2,13957.jpg
3,13958.jpg
1,13959.jpg
5,13960.jpg
4,13961.jpg
2,13962.jpg
3,13963.jpg
1,13964.jpg
3,13965.jpg
3,13966.jpg
3,13967.jpg
2,13968.jpg
3,13969.jpg
2,13970.jpg
3,13971.jpg
6,13972.jpg
5,13973.jpg
2,13974.jpg
1,13975.jpg
4,13976.jpg
1,13977.jpg
3,13978.jpg
5,13979.jpg
2,13980.jpg
4,13981.jpg
2,13982.jpg
2,13983.jpg
2,13984.jpg
2,13985.jpg
6,13986.jpg
0,13987.jpg
6,13988.jpg
6,13989.jpg
8,13990.jpg
3,13991.jpg
3,13992.jpg
3,13993.jpg
0,13994.jpg
2,13995.jpg
3,13996.jpg
1,13997.jpg
6,13998.jpg
4,13999.jpg
7,14000.jpg
7,14001.jpg
0,14002.jpg
2,14003.jpg
6,14004.jpg
6,14005.jpg
6,14006.jpg
7,14007.jpg
6,14008.jpg
8,14009.jpg
6,14010.jpg
4,14011.jpg
2,14012.jpg
5,14013.jpg
3,14014.jpg
2,14015.jpg
4,14016.jpg
4,14017.jpg
1,14018.jpg
10,14019.jpg
4,14020.jpg
4,14021.jpg
2,14022.jpg
5,14023.jpg
8,14024.jpg
4,14025.jpg
3,14026.jpg
4,14027.jpg
10,14028.jpg
7,14029.jpg
4,14030.jpg
1,14031.jpg
4,14032.jpg
3,14033.jpg
5,14034.jpg
6,14035.jpg
11,14036.jpg
3,14037.jpg
9,14038.jpg
7,14039.jpg
5,14040.jpg
4,14041.jpg
20,14042.jpg
9,14043.jpg
14,14044.jpg
8,14045.jpg
8,14046.jpg
3,14047.jpg
1,14048.jpg
3,14049.jpg
1,14050.jpg
0,14051.jpg
6,14052.jpg
1,14053.jpg
6,14054.jpg
6,14055.jpg
3,14056.jpg
0,14057.jpg
6,14058.jpg
7,14059.jpg
4,14060.jpg
2,14061.jpg
3,14062.jpg
15,14063.jpg
1,14064.jpg
5,14065.jpg
8,14066.jpg
7,14067.jpg
4,14068.jpg
14,14069.jpg
9,14070.jpg
4,14071.jpg
4,14072.jpg
6,14073.jpg
6,14074.jpg
2,14075.jpg
2,14076.jpg
3,14077.jpg
5,14078.jpg
8,14079.jpg
6,14080.jpg
4,14081.jpg
1,14082.jpg
3,14083.jpg
3,14084.jpg
4,14085.jpg
2,14086.jpg
5,14087.jpg
2,14088.jpg
9,14089.jpg
1,14090.jpg
5,14091.jpg
1,14092.jpg
2,14093.jpg
3,14094.jpg
3,14095.jpg
7,14096.jpg
3,14097.jpg
3,14098.jpg
3,14099.jpg
1,14100.jpg
9,14101.jpg
9,14102.jpg
5,14103.jpg
2,14104.jpg
5,14105.jpg
4,14106.jpg
4,14107.jpg
4,14108.jpg
5,14109.jpg
10,14110.jpg
6,14111.jpg
8,14112.jpg
4,14113.jpg
4,14114.jpg
6,14115.jpg
5,14116.jpg
9,14117.jpg
8,14118.jpg
4,14119.jpg
5,14120.jpg
3,14121.jpg
8,14122.jpg
6,14123.jpg
7,14124.jpg
5,14125.jpg
5,14126.jpg
8,14127.jpg
5,14128.jpg
4,14129.jpg
6,14130.jpg
1,14131.jpg
0,14132.jpg
9,14133.jpg
10,14134.jpg
12,14135.jpg
6,14136.jpg
6,14137.jpg
6,14138.jpg
4,14139.jpg
4,14140.jpg
5,14141.jpg
3,14142.jpg
4,14143.jpg
3,14144.jpg
6,14145.jpg
4,14146.jpg
1,14147.jpg
3,14148.jpg
4,14149.jpg
4,14150.jpg
9,14151.jpg
4,14152.jpg
8,14153.jpg
7,14154.jpg
1,14155.jpg
6,14156.jpg
9,14157.jpg
4,14158.jpg
5,14159.jpg
1,14160.jpg
2,14161.jpg
7,14162.jpg
2,14163.jpg
6,14164.jpg
8,14165.jpg
5,14166.jpg
2,14167.jpg
2,14168.jpg
5,14169.jpg
7,14170.jpg
4,14171.jpg
5,14172.jpg
3,14173.jpg
5,14174.jpg
5,14175.jpg
7,14176.jpg
4,14177.jpg
5,14178.jpg
5,14179.jpg
4,14180.jpg
6,14181.jpg
3,14182.jpg
9,14183.jpg
10,14184.jpg
11,14185.jpg
4,14186.jpg
4,14187.jpg
5,14188.jpg
4,14189.jpg
7,14190.jpg
2,14191.jpg
10,14192.jpg
8,14193.jpg
12,14194.jpg
5,14195.jpg
13,14196.jpg
9,14197.jpg
6,14198.jpg
8,14199.jpg
4,14200.jpg
3,14201.jpg
1,14202.jpg
5,14203.jpg
2,14204.jpg
2,14205.jpg
6,14206.jpg
7,14207.jpg
4,14208.jpg
1,14209.jpg
4,14210.jpg
2,14211.jpg
3,14212.jpg
6,14213.jpg
2,14214.jpg
5,14215.jpg
8,14216.jpg
4,14217.jpg
4,14218.jpg
4,14219.jpg
7,14220.jpg
2,14221.jpg
0,14222.jpg
4,14223.jpg
8,14224.jpg
5,14225.jpg
6,14226.jpg
6,14227.jpg
5,14228.jpg
3,14229.jpg
6,14230.jpg
7,14231.jpg
7,14232.jpg
4,14233.jpg
6,14234.jpg
6,14235.jpg
10,14236.jpg
6,14237.jpg
7,14238.jpg
6,14239.jpg
5,14240.jpg
9,14241.jpg
6,14242.jpg
7,14243.jpg
3,14244.jpg
3,14245.jpg
8,14246.jpg
11,14247.jpg
3,14248.jpg
6,14249.jpg
5,14250.jpg
8,14251.jpg
6,14252.jpg
5,14253.jpg
7,14254.jpg
4,14255.jpg
3,14256.jpg
7,14257.jpg
8,14258.jpg
2,14259.jpg
6,14260.jpg
6,14261.jpg
5,14262.jpg
6,14263.jpg
3,14264.jpg
3,14265.jpg
1,14266.jpg
3,14267.jpg
4,14268.jpg
4,14269.jpg
1,14270.jpg
6,14271.jpg
6,14272.jpg
11,14273.jpg
5,14274.jpg
2,14275.jpg
4,14276.jpg
2,14277.jpg
3,14278.jpg
3,14279.jpg
4,14280.jpg
5,14281.jpg
3,14282.jpg
10,14283.jpg
7,14284.jpg
6,14285.jpg
11,14286.jpg
6,14287.jpg
3,14288.jpg
4,14289.jpg
6,14290.jpg
6,14291.jpg
2,14292.jpg
6,14293.jpg
3,14294.jpg
3,14295.jpg
2,14296.jpg
3,14297.jpg
3,14298.jpg
5,14299.jpg
2,14300.jpg
1,14301.jpg
4,14302.jpg
3,14303.jpg
7,14304.jpg
4,14305.jpg
4,14306.jpg
5,14307.jpg
6,14308.jpg
7,14309.jpg
6,14310.jpg
5,14311.jpg
5,14312.jpg
5,14313.jpg
8,14314.jpg
3,14315.jpg
5,14316.jpg
5,14317.jpg
11,14318.jpg
4,14319.jpg
3,14320.jpg
3,14321.jpg
2,14322.jpg
6,14323.jpg
2,14324.jpg
3,14325.jpg
8,14326.jpg
6,14327.jpg
2,14328.jpg
7,14329.jpg
1,14330.jpg
3,14331.jpg
18,14332.jpg
1,14333.jpg
9,14334.jpg
2,14335.jpg
7,14336.jpg
4,14337.jpg
7,14338.jpg
12,14339.jpg
9,14340.jpg
6,14341.jpg
13,14342.jpg
4,14343.jpg
2,14344.jpg
6,14345.jpg
4,14346.jpg
2,14347.jpg
1,14348.jpg
9,14349.jpg
4,14350.jpg
7,14351.jpg
7,14352.jpg
4,14353.jpg
4,14354.jpg
4,14355.jpg
1,14356.jpg
2,14357.jpg
12,14358.jpg
4,14359.jpg
7,14360.jpg
4,14361.jpg
6,14362.jpg
9,14363.jpg
7,14364.jpg
9,14365.jpg
0,14366.jpg
3,14367.jpg
4,14368.jpg
1,14369.jpg
8,14370.jpg
7,14371.jpg
3,14372.jpg
7,14373.jpg
7,14374.jpg
9,14375.jpg
4,14376.jpg
9,14377.jpg
3,14378.jpg
3,14379.jpg
9,14380.jpg
10,14381.jpg
4,14382.jpg
2,14383.jpg
5,14384.jpg
4,14385.jpg
9,14386.jpg
5,14387.jpg
3,14388.jpg
2,14389.jpg
0,14390.jpg
3,14391.jpg
6,14392.jpg
5,14393.jpg
3,14394.jpg
1,14395.jpg
1,14396.jpg
4,14397.jpg
8,14398.jpg
3,14399.jpg
3,14400.jpg
7,14401.jpg
3,14402.jpg
3,14403.jpg
4,14404.jpg
3,14405.jpg
7,14406.jpg
3,14407.jpg
3,14408.jpg
6,14409.jpg
1,14410.jpg
3,14411.jpg
4,14412.jpg
2,14413.jpg
7,14414.jpg
4,14415.jpg
6,14416.jpg
5,14417.jpg
2,14418.jpg
3,14419.jpg
8,14420.jpg
7,14421.jpg
6,14422.jpg
7,14423.jpg
4,14424.jpg
3,14425.jpg
2,14426.jpg
4,14427.jpg
4,14428.jpg
6,14429.jpg
6,14430.jpg
9,14431.jpg
6,14432.jpg
1,14433.jpg
2,14434.jpg
4,14435.jpg
6,14436.jpg
7,14437.jpg
7,14438.jpg
5,14439.jpg
6,14440.jpg
2,14441.jpg
5,14442.jpg
5,14443.jpg
5,14444.jpg
7,14445.jpg
4,14446.jpg
3,14447.jpg
8,14448.jpg
1,14449.jpg
2,14450.jpg
5,14451.jpg
6,14452.jpg
7,14453.jpg
4,14454.jpg
5,14455.jpg
7,14456.jpg
2,14457.jpg
8,14458.jpg
6,14459.jpg
2,14460.jpg
5,14461.jpg
3,14462.jpg
6,14463.jpg
5,14464.jpg
4,14465.jpg
6,14466.jpg
6,14467.jpg
5,14468.jpg
2,14469.jpg
4,14470.jpg
7,14471.jpg
4,14472.jpg
1,14473.jpg
5,14474.jpg
7,14475.jpg
6,14476.jpg
2,14477.jpg
2,14478.jpg
6,14479.jpg
8,14480.jpg
4,14481.jpg
9,14482.jpg
9,14483.jpg
4,14484.jpg
1,14485.jpg
2,14486.jpg
9,14487.jpg
3,14488.jpg
4,14489.jpg
3,14490.jpg
2,14491.jpg
3,14492.jpg
6,14493.jpg
4,14494.jpg
4,14495.jpg
4,14496.jpg
4,14497.jpg
3,14498.jpg
7,14499.jpg
3,14500.jpg
4,14501.jpg
4,14502.jpg
9,14503.jpg
8,14504.jpg
8,14505.jpg
5,14506.jpg
4,14507.jpg
5,14508.jpg
3,14509.jpg
4,14510.jpg
2,14511.jpg
2,14512.jpg
8,14513.jpg
3,14514.jpg
6,14515.jpg
8,14516.jpg
5,14517.jpg
7,14518.jpg
5,14519.jpg
8,14520.jpg
2,14521.jpg
3,14522.jpg
6,14523.jpg
5,14524.jpg
5,14525.jpg
5,14526.jpg
5,14527.jpg
3,14528.jpg
5,14529.jpg
3,14530.jpg
6,14531.jpg
7,14532.jpg
4,14533.jpg
2,14534.jpg
3,14535.jpg
5,14536.jpg
7,14537.jpg
6,14538.jpg
3,14539.jpg
5,14540.jpg
3,14541.jpg
2,14542.jpg
3,14543.jpg
3,14544.jpg
3,14545.jpg
11,14546.jpg
6,14547.jpg
3,14548.jpg
7,14549.jpg
3,14550.jpg
7,14551.jpg
3,14552.jpg
6,14553.jpg
7,14554.jpg
2,14555.jpg
2,14556.jpg
2,14557.jpg
5,14558.jpg
3,14559.jpg
6,14560.jpg
4,14561.jpg
2,14562.jpg
8,14563.jpg
5,14564.jpg
4,14565.jpg
4,14566.jpg
3,14567.jpg
3,14568.jpg
1,14569.jpg
7,14570.jpg
5,14571.jpg
7,14572.jpg
4,14573.jpg
5,14574.jpg
8,14575.jpg
10,14576.jpg
5,14577.jpg
8,14578.jpg
3,14579.jpg
7,14580.jpg
5,14581.jpg
4,14582.jpg
10,14583.jpg
12,14584.jpg
9,14585.jpg
4,14586.jpg
6,14587.jpg
7,14588.jpg
3,14589.jpg
5,14590.jpg
0,14591.jpg
6,14592.jpg
1,14593.jpg
3,14594.jpg
4,14595.jpg
6,14596.jpg
4,14597.jpg
5,14598.jpg
4,14599.jpg
7,14600.jpg
8,14601.jpg
5,14602.jpg
5,14603.jpg
6,14604.jpg
4,14605.jpg
6,14606.jpg
3,14607.jpg
4,14608.jpg
3,14609.jpg
2,14610.jpg
3,14611.jpg
11,14612.jpg
3,14613.jpg
5,14614.jpg
1,14615.jpg
3,14616.jpg
2,14617.jpg
6,14618.jpg
5,14619.jpg
7,14620.jpg
5,14621.jpg
4,14622.jpg
3,14623.jpg
4,14624.jpg
4,14625.jpg
5,14626.jpg
5,14627.jpg
5,14628.jpg
6,14629.jpg
3,14630.jpg
2,14631.jpg
3,14632.jpg
5,14633.jpg
2,14634.jpg
3,14635.jpg
4,14636.jpg
7,14637.jpg
3,14638.jpg
4,14639.jpg
0,14640.jpg
0,14641.jpg
3,14642.jpg
3,14643.jpg
11,14644.jpg
7,14645.jpg
4,14646.jpg
4,14647.jpg
3,14648.jpg
3,14649.jpg
4,14650.jpg
2,14651.jpg
2,14652.jpg
1,14653.jpg
3,14654.jpg
5,14655.jpg
3,14656.jpg
2,14657.jpg
5,14658.jpg
5,14659.jpg
2,14660.jpg
4,14661.jpg
2,14662.jpg
6,14663.jpg
3,14664.jpg
4,14665.jpg
6,14666.jpg
5,14667.jpg
5,14668.jpg
5,14669.jpg
5,14670.jpg
3,14671.jpg
4,14672.jpg
2,14673.jpg
2,14674.jpg
4,14675.jpg
2,14676.jpg
3,14677.jpg
1,14678.jpg
6,14679.jpg
5,14680.jpg
3,14681.jpg
8,14682.jpg
0,14683.jpg
2,14684.jpg
6,14685.jpg
3,14686.jpg
4,14687.jpg
4,14688.jpg
6,14689.jpg
6,14690.jpg
1,14691.jpg
1,14692.jpg
2,14693.jpg
2,14694.jpg
2,14695.jpg
4,14696.jpg
4,14697.jpg
5,14698.jpg
5,14699.jpg
3,14700.jpg
8,14701.jpg
2,14702.jpg
3,14703.jpg
6,14704.jpg
6,14705.jpg
1,14706.jpg
9,14707.jpg
3,14708.jpg
10,14709.jpg
6,14710.jpg
10,14711.jpg
4,14712.jpg
5,14713.jpg
10,14714.jpg
7,14715.jpg
5,14716.jpg
7,14717.jpg
10,14718.jpg
3,14719.jpg
3,14720.jpg
7,14721.jpg
2,14722.jpg
2,14723.jpg
3,14724.jpg
3,14725.jpg
2,14726.jpg
4,14727.jpg
2,14728.jpg
3,14729.jpg
2,14730.jpg
7,14731.jpg
4,14732.jpg
3,14733.jpg
4,14734.jpg
10,14735.jpg
4,14736.jpg
5,14737.jpg
3,14738.jpg
1,14739.jpg
4,14740.jpg
2,14741.jpg
4,14742.jpg
3,14743.jpg
1,14744.jpg
4,14745.jpg
2,14746.jpg
1,14747.jpg
3,14748.jpg
3,14749.jpg
2,14750.jpg
6,14751.jpg
5,14752.jpg
3,14753.jpg
1,14754.jpg
4,14755.jpg
5,14756.jpg
5,14757.jpg
3,14758.jpg
3,14759.jpg
4,14760.jpg
6,14761.jpg
4,14762.jpg
4,14763.jpg
0,14764.jpg
3,14765.jpg
1,14766.jpg
1,14767.jpg
1,14768.jpg
1,14769.jpg
1,14770.jpg
2,14771.jpg
5,14772.jpg
5,14773.jpg
3,14774.jpg
7,14775.jpg
5,14776.jpg
3,14777.jpg
7,14778.jpg
10,14779.jpg
3,14780.jpg
2,14781.jpg
13,14782.jpg
13,14783.jpg
6,14784.jpg
8,14785.jpg
10,14786.jpg
4,14787.jpg
6,14788.jpg
4,14789.jpg
4,14790.jpg
7,14791.jpg
4,14792.jpg
13,14793.jpg
2,14794.jpg
2,14795.jpg
1,14796.jpg
7,14797.jpg
7,14798.jpg
12,14799.jpg
8,14800.jpg
4,14801.jpg
5,14802.jpg
3,14803.jpg
6,14804.jpg
5,14805.jpg
5,14806.jpg
5,14807.jpg
1,14808.jpg
6,14809.jpg
3,14810.jpg
7,14811.jpg
7,14812.jpg
7,14813.jpg
9,14814.jpg
4,14815.jpg
7,14816.jpg
9,14817.jpg
6,14818.jpg
10,14819.jpg
10,14820.jpg
6,14821.jpg
4,14822.jpg
4,14823.jpg
4,14824.jpg
0,14825.jpg
5,14826.jpg
4,14827.jpg
8,14828.jpg
6,14829.jpg
4,14830.jpg
2,14831.jpg
1,14832.jpg
5,14833.jpg
5,14834.jpg
1,14835.jpg
2,14836.jpg
10,14837.jpg
2,14838.jpg
6,14839.jpg
11,14840.jpg
3,14841.jpg
5,14842.jpg
6,14843.jpg
5,14844.jpg
4,14845.jpg
11,14846.jpg
11,14847.jpg
12,14848.jpg
4,14849.jpg
11,14850.jpg
5,14851.jpg
5,14852.jpg
2,14853.jpg
2,14854.jpg
5,14855.jpg
2,14856.jpg
0,14857.jpg
2,14858.jpg
5,14859.jpg
7,14860.jpg
8,14861.jpg
5,14862.jpg
5,14863.jpg
6,14864.jpg
9,14865.jpg
6,14866.jpg
3,14867.jpg
7,14868.jpg
1,14869.jpg
7,14870.jpg
3,14871.jpg
7,14872.jpg
7,14873.jpg
5,14874.jpg
8,14875.jpg
5,14876.jpg
4,14877.jpg
5,14878.jpg
6,14879.jpg
5,14880.jpg
4,14881.jpg
4,14882.jpg
4,14883.jpg
2,14884.jpg
8,14885.jpg
8,14886.jpg
6,14887.jpg
2,14888.jpg
6,14889.jpg
3,14890.jpg
5,14891.jpg
4,14892.jpg
2,14893.jpg
6,14894.jpg
7,14895.jpg
8,14896.jpg
4,14897.jpg
4,14898.jpg
5,14899.jpg
7,14900.jpg
6,14901.jpg
4,14902.jpg
7,14903.jpg
1,14904.jpg
3,14905.jpg
5,14906.jpg
6,14907.jpg
3,14908.jpg
4,14909.jpg
6,14910.jpg
4,14911.jpg
4,14912.jpg
3,14913.jpg
5,14914.jpg
6,14915.jpg
11,14916.jpg
8,14917.jpg
8,14918.jpg
12,14919.jpg
4,14920.jpg
0,14921.jpg
6,14922.jpg
4,14923.jpg
9,14924.jpg
9,14925.jpg
8,14926.jpg
0,14927.jpg
1,14928.jpg
2,14929.jpg
1,14930.jpg
1,14931.jpg
3,14932.jpg
8,14933.jpg
3,14934.jpg
11,14935.jpg
7,14936.jpg
5,14937.jpg
8,14938.jpg
11,14939.jpg
10,14940.jpg
5,14941.jpg
7,14942.jpg
8,14943.jpg
3,14944.jpg
3,14945.jpg
3,14946.jpg
2,14947.jpg
5,14948.jpg
4,14949.jpg
5,14950.jpg
7,14951.jpg
4,14952.jpg
5,14953.jpg
1,14954.jpg
1,14955.jpg
10,14956.jpg
4,14957.jpg
5,14958.jpg
7,14959.jpg
4,14960.jpg
5,14961.jpg
5,14962.jpg
5,14963.jpg
6,14964.jpg
4,14965.jpg
4,14966.jpg
6,14967.jpg
6,14968.jpg
9,14969.jpg
5,14970.jpg
2,14971.jpg
9,14972.jpg
4,14973.jpg
4,14974.jpg
5,14975.jpg
5,14976.jpg
5,14977.jpg
4,14978.jpg
5,14979.jpg
2,14980.jpg
3,14981.jpg
2,14982.jpg
5,14983.jpg
4,14984.jpg
4,14985.jpg
7,14986.jpg
0,14987.jpg
4,14988.jpg
8,14989.jpg
1,14990.jpg
4,14991.jpg
4,14992.jpg
3,14993.jpg
3,14994.jpg
5,14995.jpg
5,14996.jpg
3,14997.jpg
7,14998.jpg
5,14999.jpg
3,15000.jpg
5,15001.jpg
5,15002.jpg
6,15003.jpg
3,15004.jpg
4,15005.jpg
6,15006.jpg
8,15007.jpg
2,15008.jpg
4,15009.jpg
2,15010.jpg
6,15011.jpg
7,15012.jpg
2,15013.jpg
9,15014.jpg
3,15015.jpg
4,15016.jpg
4,15017.jpg
5,15018.jpg
6,15019.jpg
6,15020.jpg
7,15021.jpg
11,15022.jpg
9,15023.jpg
9,15024.jpg
4,15025.jpg
5,15026.jpg
9,15027.jpg
3,15028.jpg
10,15029.jpg
8,15030.jpg
14,15031.jpg
3,15032.jpg
6,15033.jpg
6,15034.jpg
7,15035.jpg
5,15036.jpg
7,15037.jpg
8,15038.jpg
9,15039.jpg
3,15040.jpg
4,15041.jpg
7,15042.jpg
3,15043.jpg
3,15044.jpg
2,15045.jpg
7,15046.jpg
6,15047.jpg
1,15048.jpg
4,15049.jpg
6,15050.jpg
5,15051.jpg
7,15052.jpg
8,15053.jpg
6,15054.jpg
8,15055.jpg
9,15056.jpg
4,15057.jpg
7,15058.jpg
6,15059.jpg
1,15060.jpg
7,15061.jpg
11,15062.jpg
2,15063.jpg
7,15064.jpg
2,15065.jpg
7,15066.jpg
6,15067.jpg
8,15068.jpg
7,15069.jpg
8,15070.jpg
2,15071.jpg
6,15072.jpg
5,15073.jpg
6,15074.jpg
9,15075.jpg
3,15076.jpg
5,15077.jpg
2,15078.jpg
3,15079.jpg
5,15080.jpg
6,15081.jpg
3,15082.jpg
9,15083.jpg
5,15084.jpg
2,15085.jpg
3,15086.jpg
8,15087.jpg
5,15088.jpg
7,15089.jpg
6,15090.jpg
5,15091.jpg
6,15092.jpg
3,15093.jpg
7,15094.jpg
6,15095.jpg
8,15096.jpg
10,15097.jpg
8,15098.jpg
6,15099.jpg
4,15100.jpg
1,15101.jpg
2,15102.jpg
4,15103.jpg
3,15104.jpg
9,15105.jpg
5,15106.jpg
7,15107.jpg
7,15108.jpg
4,15109.jpg
2,15110.jpg
3,15111.jpg
7,15112.jpg
4,15113.jpg
4,15114.jpg
2,15115.jpg
5,15116.jpg
2,15117.jpg
2,15118.jpg
6,15119.jpg
5,15120.jpg
2,15121.jpg
5,15122.jpg
2,15123.jpg
3,15124.jpg
8,15125.jpg
8,15126.jpg
3,15127.jpg
3,15128.jpg
4,15129.jpg
7,15130.jpg
6,15131.jpg
7,15132.jpg
3,15133.jpg
4,15134.jpg
3,15135.jpg
0,15136.jpg
1,15137.jpg
3,15138.jpg
5,15139.jpg
6,15140.jpg
9,15141.jpg
7,15142.jpg
4,15143.jpg
4,15144.jpg
7,15145.jpg
5,15146.jpg
12,15147.jpg
7,15148.jpg
4,15149.jpg
3,15150.jpg
5,15151.jpg
2,15152.jpg
6,15153.jpg
7,15154.jpg
4,15155.jpg
7,15156.jpg
3,15158.jpg
6,15159.jpg
9,15160.jpg
10,15161.jpg
9,15162.jpg
5,15163.jpg
3,15164.jpg
3,15165.jpg
7,15166.jpg
4,15167.jpg
9,15168.jpg
4,15169.jpg
1,15170.jpg
6,15171.jpg
4,15172.jpg
3,15173.jpg
5,15174.jpg
5,15175.jpg
6,15176.jpg
7,15177.jpg
12,15178.jpg
7,15179.jpg
3,15180.jpg
4,15181.jpg
2,15182.jpg
0,15183.jpg
3,15184.jpg
1,15185.jpg
5,15186.jpg
7,15187.jpg
2,15188.jpg
1,15189.jpg
3,15190.jpg
4,15191.jpg
4,15192.jpg
9,15193.jpg
7,15194.jpg
8,15195.jpg
4,15196.jpg
5,15197.jpg
2,15198.jpg
5,15199.jpg
4,15200.jpg
6,15201.jpg
4,15202.jpg
4,15203.jpg
1,15204.jpg
2,15205.jpg
5,15206.jpg
3,15207.jpg
5,15208.jpg
2,15209.jpg
8,15210.jpg
6,15211.jpg
7,15212.jpg
9,15213.jpg
6,15214.jpg
5,15215.jpg
2,15216.jpg
5,15217.jpg
5,15218.jpg
4,15219.jpg
7,15220.jpg
5,15221.jpg
4,15222.jpg
2,15223.jpg
2,15224.jpg
3,15225.jpg
4,15226.jpg
8,15227.jpg
7,15228.jpg
4,15229.jpg
3,15230.jpg
6,15231.jpg
2,15232.jpg
3,15233.jpg
9,15234.jpg
5,15235.jpg
2,15236.jpg
3,15237.jpg
5,15238.jpg
8,15239.jpg
10,15240.jpg
9,15241.jpg
4,15242.jpg
2,15243.jpg
4,15244.jpg
5,15245.jpg
4,15246.jpg
3,15247.jpg
3,15248.jpg
6,15249.jpg
4,15250.jpg
5,15251.jpg
4,15252.jpg
4,15253.jpg
6,15254.jpg
4,15255.jpg
6,15256.jpg
6,15257.jpg
5,15258.jpg
4,15259.jpg
9,15260.jpg
2,15261.jpg
6,15262.jpg
1,15263.jpg
6,15264.jpg
7,15265.jpg
0,15266.jpg
5,15267.jpg
3,15268.jpg
4,15269.jpg
5,15270.jpg
3,15271.jpg
4,15272.jpg
4,15273.jpg
5,15274.jpg
5,15275.jpg
3,15276.jpg
3,15277.jpg
3,15278.jpg
4,15279.jpg
7,15280.jpg
3,15281.jpg
2,15282.jpg
7,15283.jpg
0,15284.jpg
5,15285.jpg
2,15286.jpg
1,15287.jpg
4,15288.jpg
5,15289.jpg
5,15290.jpg
4,15291.jpg
4,15292.jpg
8,15293.jpg
9,15294.jpg
6,15295.jpg
9,15296.jpg
9,15297.jpg
2,15298.jpg
5,15299.jpg
12,15300.jpg
9,15301.jpg
8,15302.jpg
3,15303.jpg
6,15304.jpg
2,15305.jpg
7,15306.jpg
0,15307.jpg
4,15308.jpg
2,15309.jpg
4,15310.jpg
4,15311.jpg
7,15312.jpg
5,15313.jpg
9,15314.jpg
2,15315.jpg
0,15316.jpg
7,15317.jpg
4,15318.jpg
7,15319.jpg
7,15320.jpg
5,15321.jpg
5,15322.jpg
3,15323.jpg
3,15324.jpg
2,15325.jpg
2,15326.jpg
4,15327.jpg
5,15328.jpg
7,15329.jpg
3,15330.jpg
3,15331.jpg
4,15332.jpg
0,15333.jpg
11,15334.jpg
7,15335.jpg
3,15336.jpg
1,15337.jpg
4,15338.jpg
2,15339.jpg
1,15340.jpg
11,15341.jpg
1,15342.jpg
5,15343.jpg
1,15344.jpg
6,15345.jpg
7,15346.jpg
6,15347.jpg
0,15348.jpg
7,15349.jpg
3,15350.jpg
5,15351.jpg
3,15352.jpg
2,15353.jpg
2,15354.jpg
1,15355.jpg
4,15356.jpg
3,15357.jpg
1,15358.jpg
2,15359.jpg
6,15360.jpg
7,15361.jpg
8,15362.jpg
6,15363.jpg
8,15364.jpg
5,15365.jpg
4,15366.jpg
7,15367.jpg
6,15368.jpg
4,15369.jpg
1,15370.jpg
3,15371.jpg
2,15372.jpg
5,15373.jpg
3,15374.jpg
3,15375.jpg
8,15376.jpg
4,15377.jpg
4,15378.jpg
4,15379.jpg
3,15380.jpg
0,15381.jpg
5,15382.jpg
3,15383.jpg
2,15384.jpg
2,15385.jpg
8,15386.jpg
3,15387.jpg
5,15388.jpg
4,15389.jpg
3,15390.jpg
5,15391.jpg
6,15392.jpg
3,15393.jpg
3,15394.jpg
4,15395.jpg
3,15396.jpg
6,15397.jpg
8,15398.jpg
6,15399.jpg
3,15400.jpg
0,15401.jpg
7,15402.jpg
3,15403.jpg
3,15404.jpg
3,15405.jpg
3,15406.jpg
4,15407.jpg
5,15408.jpg
7,15409.jpg
2,15410.jpg
5,15411.jpg
3,15412.jpg
4,15413.jpg
5,15414.jpg
5,15415.jpg
4,15416.jpg
5,15417.jpg
2,15418.jpg
2,15419.jpg
3,15420.jpg
2,15421.jpg
3,15422.jpg
2,15423.jpg
4,15424.jpg
2,15425.jpg
3,15426.jpg
6,15427.jpg
5,15428.jpg
6,15429.jpg
7,15430.jpg
6,15431.jpg
3,15432.jpg
4,15433.jpg
5,15434.jpg
5,15435.jpg
1,15436.jpg
2,15437.jpg
7,15438.jpg
2,15439.jpg
4,15440.jpg
7,15441.jpg
3,15442.jpg
5,15443.jpg
7,15444.jpg
2,15445.jpg
6,15446.jpg
5,15447.jpg
5,15448.jpg
7,15449.jpg
7,15450.jpg
3,15451.jpg
2,15452.jpg
3,15453.jpg
3,15454.jpg
2,15455.jpg
5,15456.jpg
4,15457.jpg
6,15458.jpg
6,15459.jpg
4,15460.jpg
6,15461.jpg
6,15462.jpg
1,15463.jpg
1,15464.jpg
7,15465.jpg
6,15466.jpg
4,15467.jpg
6,15468.jpg
6,15469.jpg
6,15470.jpg
4,15471.jpg
2,15472.jpg
5,15473.jpg
5,15474.jpg
4,15475.jpg
7,15476.jpg
8,15477.jpg
5,15478.jpg
5,15479.jpg
3,15480.jpg
5,15481.jpg
3,15482.jpg
1,15483.jpg
0,15484.jpg
6,15485.jpg
1,15486.jpg
3,15487.jpg
2,15488.jpg
13,15489.jpg
10,15490.jpg
10,15491.jpg
14,15492.jpg
3,15493.jpg
5,15494.jpg
4,15495.jpg
2,15496.jpg
5,15497.jpg
8,15498.jpg
10,15499.jpg
1,15500.jpg
3,15501.jpg
4,15502.jpg
4,15503.jpg
3,15504.jpg
2,15505.jpg
6,15506.jpg
9,15507.jpg
4,15508.jpg
8,15509.jpg
3,15510.jpg
4,15511.jpg
7,15512.jpg
4,15513.jpg
1,15514.jpg
2,15515.jpg
7,15516.jpg
7,15517.jpg
7,15518.jpg
3,15519.jpg
5,15520.jpg
2,15521.jpg
7,15522.jpg
1,15523.jpg
4,15524.jpg
11,15525.jpg
1,15526.jpg
6,15527.jpg
5,15528.jpg
8,15529.jpg
4,15530.jpg
6,15531.jpg
5,15532.jpg
6,15533.jpg
11,15534.jpg
4,15535.jpg
4,15536.jpg
8,15537.jpg
5,15538.jpg
8,15539.jpg
10,15540.jpg
6,15541.jpg
7,15542.jpg
3,15543.jpg
8,15544.jpg
5,15545.jpg
7,15546.jpg
7,15547.jpg
12,15548.jpg
8,15549.jpg
2,15550.jpg
2,15551.jpg
3,15552.jpg
2,15553.jpg
5,15554.jpg
5,15555.jpg
4,15556.jpg
18,15557.jpg
3,15558.jpg
4,15559.jpg
6,15560.jpg
1,15561.jpg
5,15562.jpg
1,15563.jpg
2,15564.jpg
7,15565.jpg
4,15566.jpg
2,15567.jpg
11,15568.jpg
8,15569.jpg
5,15570.jpg
7,15571.jpg
6,15572.jpg
6,15573.jpg
2,15574.jpg
6,15575.jpg
7,15576.jpg
6,15577.jpg
3,15578.jpg
2,15579.jpg
2,15580.jpg
8,15581.jpg
5,15582.jpg
0,15583.jpg
2,15584.jpg
5,15585.jpg
10,15586.jpg
5,15587.jpg
3,15588.jpg
4,15589.jpg
5,15590.jpg
2,15591.jpg
7,15592.jpg
2,15593.jpg
24,15594.jpg
23,15595.jpg
6,15596.jpg
9,15597.jpg
6,15598.jpg
2,15599.jpg
9,15600.jpg
7,15601.jpg
6,15602.jpg
5,15603.jpg
9,15604.jpg
11,15605.jpg
3,15606.jpg
3,15607.jpg
3,15608.jpg
7,15609.jpg
5,15610.jpg
1,15611.jpg
3,15612.jpg
3,15613.jpg
9,15614.jpg
4,15615.jpg
7,15616.jpg
7,15617.jpg
6,15618.jpg
4,15619.jpg
3,15620.jpg
0,15621.jpg
4,15622.jpg
3,15623.jpg
6,15624.jpg
3,15625.jpg
1,15626.jpg
4,15627.jpg
4,15628.jpg
2,15629.jpg
1,15630.jpg
6,15631.jpg
4,15632.jpg
9,15633.jpg
5,15634.jpg
5,15635.jpg
2,15636.jpg
4,15637.jpg
2,15638.jpg
3,15639.jpg
4,15640.jpg
9,15641.jpg
6,15642.jpg
4,15643.jpg
5,15644.jpg
3,15645.jpg
4,15646.jpg
7,15647.jpg
6,15648.jpg
6,15649.jpg
10,15650.jpg
0,15651.jpg
7,15652.jpg
10,15653.jpg
6,15654.jpg
7,15655.jpg
10,15656.jpg
8,15657.jpg
3,15658.jpg
3,15659.jpg
4,15660.jpg
1,15661.jpg
3,15662.jpg
2,15663.jpg
8,15664.jpg
3,15665.jpg
9,15666.jpg
11,15667.jpg
12,15668.jpg
4,15669.jpg
7,15670.jpg
8,15671.jpg
10,15672.jpg
10,15673.jpg
3,15674.jpg
3,15675.jpg
6,15676.jpg
8,15677.jpg
4,15678.jpg
3,15679.jpg
3,15680.jpg
2,15681.jpg
7,15682.jpg
6,15683.jpg
1,15684.jpg
4,15685.jpg
7,15686.jpg
5,15687.jpg
1,15688.jpg
6,15689.jpg
2,15690.jpg
3,15691.jpg
1,15692.jpg
7,15693.jpg
8,15694.jpg
2,15695.jpg
6,15696.jpg
5,15697.jpg
5,15698.jpg
5,15699.jpg
3,15700.jpg
1,15701.jpg
11,15702.jpg
3,15703.jpg
6,15704.jpg
7,15705.jpg
1,15706.jpg
2,15707.jpg
9,15708.jpg
7,15709.jpg
5,15710.jpg
11,15711.jpg
3,15712.jpg
5,15713.jpg
7,15714.jpg
5,15715.jpg
5,15716.jpg
3,15717.jpg
2,15718.jpg
2,15719.jpg
4,15720.jpg
11,15721.jpg
5,15722.jpg
7,15723.jpg
8,15724.jpg
4,15725.jpg
6,15726.jpg
2,15727.jpg
4,15728.jpg
4,15729.jpg
4,15730.jpg
5,15731.jpg
6,15732.jpg
3,15733.jpg
6,15734.jpg
5,15735.jpg
6,15736.jpg
9,15737.jpg
4,15738.jpg
4,15739.jpg
3,15740.jpg
3,15741.jpg
3,15742.jpg
5,15743.jpg
7,15744.jpg
4,15745.jpg
6,15746.jpg
5,15747.jpg
3,15748.jpg
0,15749.jpg
5,15750.jpg
3,15751.jpg
5,15752.jpg
6,15753.jpg
5,15754.jpg
2,15755.jpg
2,15756.jpg
6,15757.jpg
4,15758.jpg
6,15759.jpg
4,15760.jpg
8,15761.jpg
3,15762.jpg
1,15763.jpg
1,15764.jpg
4,15765.jpg
3,15766.jpg
3,15767.jpg
2,15768.jpg
2,15769.jpg
4,15770.jpg
5,15771.jpg
7,15772.jpg
3,15773.jpg
1,15774.jpg
3,15775.jpg
8,15776.jpg
8,15777.jpg
7,15778.jpg
8,15779.jpg
3,15780.jpg
1,15781.jpg
6,15782.jpg
3,15783.jpg
3,15784.jpg
2,15785.jpg
0,15786.jpg
9,15787.jpg
6,15788.jpg
9,15789.jpg
5,15790.jpg
9,15791.jpg
3,15792.jpg
3,15793.jpg
4,15794.jpg
8,15795.jpg
2,15796.jpg
10,15797.jpg
9,15798.jpg
5,15799.jpg
7,15800.jpg
4,15801.jpg
7,15802.jpg
4,15803.jpg
6,15804.jpg
1,15805.jpg
12,15806.jpg
8,15807.jpg
7,15808.jpg
4,15809.jpg
7,15810.jpg
3,15811.jpg
5,15812.jpg
6,15813.jpg
5,15814.jpg
6,15815.jpg
3,15816.jpg
2,15817.jpg
6,15818.jpg
7,15819.jpg
7,15820.jpg
5,15821.jpg
0,15822.jpg
5,15823.jpg
5,15824.jpg
8,15825.jpg
12,15826.jpg
5,15827.jpg
8,15828.jpg
8,15829.jpg
6,15830.jpg
4,15831.jpg
4,15832.jpg
6,15833.jpg
6,15834.jpg
8,15835.jpg
6,15836.jpg
5,15837.jpg
9,15838.jpg
1,15839.jpg
6,15840.jpg
6,15841.jpg
6,15842.jpg
3,15843.jpg
2,15844.jpg
0,15845.jpg
7,15846.jpg
5,15847.jpg
8,15848.jpg
5,15849.jpg
5,15850.jpg
6,15851.jpg
3,15852.jpg
2,15853.jpg
3,15854.jpg
5,15855.jpg
6,15856.jpg
6,15857.jpg
3,15858.jpg
9,15859.jpg
3,15860.jpg
4,15861.jpg
4,15862.jpg
2,15863.jpg
5,15864.jpg
5,15865.jpg
6,15866.jpg
3,15867.jpg
10,15868.jpg
9,15869.jpg
9,15870.jpg
5,15871.jpg
6,15872.jpg
6,15873.jpg
4,15874.jpg
5,15875.jpg
6,15876.jpg
2,15877.jpg
4,15878.jpg
4,15879.jpg
1,15880.jpg
4,15881.jpg
2,15882.jpg
3,15883.jpg
5,15884.jpg
7,15885.jpg
5,15886.jpg
3,15887.jpg
8,15888.jpg
8,15889.jpg
5,15890.jpg
3,15891.jpg
3,15892.jpg
4,15893.jpg
7,15894.jpg
1,15895.jpg
4,15896.jpg
5,15897.jpg
5,15898.jpg
3,15899.jpg
4,15900.jpg
3,15901.jpg
4,15902.jpg
4,15903.jpg
5,15904.jpg
6,15905.jpg
2,15906.jpg
3,15907.jpg
0,15908.jpg
3,15909.jpg
3,15910.jpg
10,15911.jpg
11,15912.jpg
4,15913.jpg
7,15914.jpg
7,15915.jpg
0,15916.jpg
11,15917.jpg
1,15918.jpg
3,15919.jpg
2,15920.jpg
2,15921.jpg
7,15922.jpg
2,15923.jpg
7,15924.jpg
0,15925.jpg
3,15926.jpg
8,15927.jpg
5,15928.jpg
5,15929.jpg
7,15930.jpg
1,15931.jpg
3,15932.jpg
3,15933.jpg
9,15934.jpg
4,15935.jpg
6,15936.jpg
5,15937.jpg
5,15938.jpg
4,15939.jpg
5,15940.jpg
4,15941.jpg
4,15942.jpg
5,15943.jpg
3,15944.jpg
5,15945.jpg
3,15946.jpg
3,15947.jpg
4,15948.jpg
7,15949.jpg
2,15950.jpg
0,15951.jpg
6,15952.jpg
1,15953.jpg
6,15954.jpg
6,15955.jpg
4,15956.jpg
10,15957.jpg
5,15958.jpg
0,15959.jpg
5,15960.jpg
3,15961.jpg
1,15962.jpg
2,15963.jpg
5,15964.jpg
3,15965.jpg
8,15966.jpg
6,15967.jpg
5,15968.jpg
11,15969.jpg
3,15970.jpg
10,15971.jpg
3,15972.jpg
6,15973.jpg
8,15974.jpg
10,15975.jpg
10,15976.jpg
6,15977.jpg
5,15978.jpg
1,15979.jpg
4,15980.jpg
2,15981.jpg
2,15982.jpg
2,15983.jpg
9,15984.jpg
4,15985.jpg
3,15986.jpg
6,15987.jpg
6,15988.jpg
3,15989.jpg
4,15990.jpg
7,15991.jpg
5,15992.jpg
4,15993.jpg
5,15994.jpg
2,15995.jpg
4,15996.jpg
2,15997.jpg
3,15998.jpg
8,15999.jpg
2,16000.jpg
2,16001.jpg
4,16002.jpg
6,16003.jpg
2,16004.jpg
4,16005.jpg
5,16006.jpg
3,16007.jpg
2,16008.jpg
5,16009.jpg
5,16010.jpg
1,16011.jpg
2,16012.jpg
1,16014.jpg
4,16015.jpg
3,16016.jpg
2,16017.jpg
2,16018.jpg
3,16019.jpg
2,16020.jpg
2,16021.jpg
7,16022.jpg
2,16023.jpg
2,16024.jpg
1,16025.jpg
3,16026.jpg
3,16027.jpg
3,16028.jpg
2,16029.jpg
2,16030.jpg
0,16031.jpg
1,16032.jpg
5,16033.jpg
3,16034.jpg
3,16035.jpg
6,16036.jpg
4,16037.jpg
2,16038.jpg
3,16039.jpg
5,16040.jpg
6,16041.jpg
1,16042.jpg
1,16043.jpg
2,16044.jpg
4,16045.jpg
5,16046.jpg
1,16047.jpg
2,16048.jpg
0,16049.jpg
2,16050.jpg
0,16051.jpg
1,16052.jpg
7,16053.jpg
5,16054.jpg
6,16055.jpg
4,16056.jpg
6,16057.jpg
2,16058.jpg
3,16059.jpg
4,16060.jpg
2,16061.jpg
2,16062.jpg
2,16063.jpg
1,16064.jpg
2,16065.jpg
3,16066.jpg
3,16067.jpg
3,16068.jpg
3,16069.jpg
1,16070.jpg
3,16071.jpg
4,16072.jpg
4,16073.jpg
2,16074.jpg
3,16075.jpg
1,16076.jpg
6,16077.jpg
4,16078.jpg
1,16079.jpg
3,16080.jpg
0,16081.jpg
7,16082.jpg
5,16083.jpg
5,16084.jpg
0,16085.jpg
5,16086.jpg
2,16087.jpg
3,16088.jpg
3,16089.jpg
3,16090.jpg
2,16091.jpg
4,16092.jpg
6,16093.jpg
3,16094.jpg
3,16095.jpg
1,16096.jpg
3,16097.jpg
2,16098.jpg
3,16099.jpg
4,16100.jpg
5,16101.jpg
2,16102.jpg
2,16103.jpg
2,16104.jpg
7,16105.jpg
5,16106.jpg
3,16107.jpg
1,16108.jpg
4,16109.jpg
3,16110.jpg
2,16111.jpg
4,16112.jpg
6,16113.jpg
2,16114.jpg
0,16115.jpg
3,16116.jpg
2,16117.jpg
4,16118.jpg
4,16119.jpg
4,16120.jpg
3,16121.jpg
1,16122.jpg
5,16123.jpg
11,16124.jpg
1,16125.jpg
7,16126.jpg
2,16127.jpg
1,16128.jpg
7,16129.jpg
4,16130.jpg
0,16131.jpg
4,16132.jpg
2,16133.jpg
3,16134.jpg
5,16135.jpg
5,16136.jpg
2,16137.jpg
4,16138.jpg
2,16139.jpg
4,16140.jpg
5,16141.jpg
4,16142.jpg
2,16143.jpg
3,16144.jpg
3,16145.jpg
2,16146.jpg
3,16147.jpg
5,16148.jpg
2,16149.jpg
2,16150.jpg
0,16151.jpg
3,16152.jpg
2,16153.jpg
2,16154.jpg
1,16155.jpg
4,16156.jpg
3,16157.jpg
3,16158.jpg
3,16159.jpg
2,16160.jpg
3,16161.jpg
0,16162.jpg
4,16163.jpg
1,16164.jpg
2,16165.jpg
2,16166.jpg
0,16167.jpg
2,16168.jpg
1,16169.jpg
2,16170.jpg
4,16171.jpg
3,16172.jpg
1,16173.jpg
0,16174.jpg
0,16175.jpg
1,16176.jpg
3,16177.jpg
4,16178.jpg
2,16179.jpg
1,16180.jpg
7,16181.jpg
6,16182.jpg
2,16183.jpg
1,16184.jpg
4,16185.jpg
5,16186.jpg
4,16187.jpg
3,16188.jpg
2,16189.jpg
5,16190.jpg
1,16191.jpg
1,16192.jpg
4,16193.jpg
2,16194.jpg
3,16195.jpg
3,16196.jpg
1,16197.jpg
6,16198.jpg
8,16199.jpg
5,16200.jpg
2,16201.jpg
4,16202.jpg
4,16203.jpg
1,16204.jpg
5,16205.jpg
12,16206.jpg
5,16207.jpg
6,16208.jpg
4,16209.jpg
10,16210.jpg
5,16211.jpg
11,16212.jpg
8,16213.jpg
7,16214.jpg
5,16215.jpg
6,16216.jpg
6,16217.jpg
7,16218.jpg
9,16219.jpg
3,16220.jpg
5,16221.jpg
0,16222.jpg
6,16223.jpg
5,16224.jpg
4,16225.jpg
10,16226.jpg
1,16227.jpg
3,16228.jpg
5,16229.jpg
7,16230.jpg
1,16231.jpg
6,16232.jpg
2,16233.jpg
9,16234.jpg
4,16235.jpg
3,16236.jpg
4,16237.jpg
6,16238.jpg
11,16239.jpg
2,16240.jpg
4,16241.jpg
2,16242.jpg
6,16243.jpg
3,16244.jpg
4,16245.jpg
8,16246.jpg
6,16247.jpg
3,16248.jpg
9,16249.jpg
4,16250.jpg
2,16251.jpg
8,16252.jpg
8,16253.jpg
3,16254.jpg
3,16255.jpg
4,16256.jpg
2,16257.jpg
1,16258.jpg
6,16259.jpg
2,16260.jpg
0,16261.jpg
0,16262.jpg
2,16263.jpg
6,16264.jpg
6,16266.jpg
3,16267.jpg
6,16268.jpg
1,16269.jpg
2,16270.jpg
5,16271.jpg
2,16272.jpg
2,16273.jpg
10,16274.jpg
5,16275.jpg
2,16276.jpg
1,16277.jpg
1,16278.jpg
2,16279.jpg
3,16280.jpg
4,16281.jpg
5,16282.jpg
5,16283.jpg
5,16284.jpg
9,16285.jpg
4,16286.jpg
7,16287.jpg
3,16288.jpg
3,16289.jpg
7,16290.jpg
2,16291.jpg
5,16292.jpg
1,16293.jpg
3,16294.jpg
2,16295.jpg
2,16296.jpg
4,16297.jpg
6,16298.jpg
12,16299.jpg
11,16300.jpg
3,16301.jpg
4,16302.jpg
3,16303.jpg
2,16304.jpg
1,16305.jpg
2,16306.jpg
5,16307.jpg
5,16308.jpg
6,16309.jpg
6,16310.jpg
5,16311.jpg
3,16312.jpg
5,16313.jpg
5,16314.jpg
6,16315.jpg
8,16316.jpg
5,16317.jpg
5,16318.jpg
5,16319.jpg
2,16320.jpg
6,16321.jpg
7,16322.jpg
2,16323.jpg
4,16324.jpg
8,16325.jpg
6,16326.jpg
6,16327.jpg
8,16328.jpg
4,16329.jpg
2,16330.jpg
6,16331.jpg
6,16332.jpg
5,16333.jpg
7,16334.jpg
4,16335.jpg
4,16336.jpg
6,16337.jpg
2,16338.jpg
1,16339.jpg
6,16340.jpg
7,16341.jpg
6,16342.jpg
8,16343.jpg
3,16344.jpg
12,16345.jpg
5,16346.jpg
1,16347.jpg
3,16348.jpg
0,16349.jpg
6,16350.jpg
7,16351.jpg
9,16352.jpg
5,16353.jpg
4,16354.jpg
3,16355.jpg
1,16356.jpg
2,16357.jpg
5,16358.jpg
0,16359.jpg
6,16360.jpg
3,16361.jpg
5,16362.jpg
6,16363.jpg
4,16364.jpg
5,16365.jpg
8,16366.jpg
10,16367.jpg
7,16368.jpg
9,16369.jpg
8,16370.jpg
3,16371.jpg
3,16372.jpg
3,16373.jpg
5,16374.jpg
5,16375.jpg
3,16376.jpg
5,16377.jpg
1,16378.jpg
7,16379.jpg
6,16380.jpg
2,16381.jpg
4,16382.jpg
3,16383.jpg
2,16384.jpg
11,16385.jpg
5,16386.jpg
5,16387.jpg
7,16388.jpg
6,16389.jpg
8,16390.jpg
10,16391.jpg
5,16392.jpg
2,16393.jpg
2,16394.jpg
4,16395.jpg
3,16396.jpg
0,16397.jpg
7,16398.jpg
5,16399.jpg
1,16400.jpg
4,16401.jpg
2,16402.jpg
1,16403.jpg
5,16404.jpg
8,16405.jpg
10,16406.jpg
2,16407.jpg
6,16408.jpg
4,16409.jpg
5,16410.jpg
1,16411.jpg
1,16412.jpg
5,16413.jpg
4,16414.jpg
3,16415.jpg
12,16416.jpg
13,16417.jpg
6,16418.jpg
7,16419.jpg
2,16420.jpg
4,16421.jpg
4,16422.jpg
1,16423.jpg
2,16424.jpg
0,16425.jpg
3,16426.jpg
2,16427.jpg
6,16428.jpg
4,16429.jpg
3,16430.jpg
0,16431.jpg
5,16432.jpg
1,16433.jpg
9,16434.jpg
0,16435.jpg
5,16436.jpg
4,16437.jpg
2,16438.jpg
2,16439.jpg
4,16440.jpg
9,16441.jpg
3,16442.jpg
7,16443.jpg
7,16444.jpg
8,16445.jpg
7,16446.jpg
7,16447.jpg
7,16448.jpg
10,16449.jpg
5,16450.jpg
6,16451.jpg
5,16452.jpg
10,16453.jpg
6,16454.jpg
4,16455.jpg
4,16456.jpg
6,16457.jpg
4,16458.jpg
5,16459.jpg
5,16460.jpg
7,16461.jpg
3,16462.jpg
2,16463.jpg
13,16464.jpg
8,16465.jpg
6,16466.jpg
5,16467.jpg
4,16468.jpg
3,16469.jpg
3,16470.jpg
2,16471.jpg
2,16472.jpg
9,16473.jpg
3,16474.jpg
3,16475.jpg
0,16476.jpg
1,16477.jpg
1,16478.jpg
1,16479.jpg
0,16481.jpg
1,16482.jpg
3,16483.jpg
3,16484.jpg
4,16485.jpg
8,16486.jpg
3,16487.jpg
8,16488.jpg
1,16489.jpg
8,16490.jpg
2,16491.jpg
4,16492.jpg
2,16493.jpg
4,16494.jpg
10,16495.jpg
7,16496.jpg
9,16497.jpg
4,16498.jpg
15,16499.jpg
2,16500.jpg
13,16501.jpg
11,16502.jpg
6,16503.jpg
7,16504.jpg
6,16505.jpg
5,16506.jpg
8,16507.jpg
5,16508.jpg
4,16509.jpg
2,16510.jpg
4,16511.jpg
2,16512.jpg
4,16513.jpg
6,16514.jpg
7,16515.jpg
4,16516.jpg
4,16517.jpg
5,16518.jpg
1,16519.jpg
4,16520.jpg
11,16521.jpg
14,16522.jpg
7,16523.jpg
1,16524.jpg
2,16525.jpg
6,16526.jpg
2,16527.jpg
6,16528.jpg
2,16529.jpg
2,16530.jpg
1,16531.jpg
1,16532.jpg
5,16533.jpg
5,16534.jpg
2,16535.jpg
3,16536.jpg
2,16537.jpg
6,16538.jpg
5,16539.jpg
3,16540.jpg
2,16541.jpg
6,16542.jpg
3,16543.jpg
0,16544.jpg
4,16545.jpg
4,16546.jpg
3,16547.jpg
2,16548.jpg
7,16549.jpg
4,16550.jpg
6,16551.jpg
7,16552.jpg
7,16553.jpg
3,16554.jpg
2,16555.jpg
3,16556.jpg
3,16557.jpg
4,16558.jpg
8,16559.jpg
2,16560.jpg
4,16561.jpg
7,16562.jpg
5,16563.jpg
1,16564.jpg
1,16565.jpg
2,16566.jpg
3,16567.jpg
5,16568.jpg
6,16569.jpg
5,16570.jpg
3,16571.jpg
2,16572.jpg
8,16573.jpg
4,16574.jpg
6,16575.jpg
4,16576.jpg
5,16577.jpg
5,16578.jpg
1,16579.jpg
3,16580.jpg
6,16581.jpg
2,16582.jpg
2,16583.jpg
1,16584.jpg
6,16585.jpg
3,16586.jpg
5,16587.jpg
5,16588.jpg
4,16589.jpg
5,16590.jpg
2,16591.jpg
5,16592.jpg
2,16593.jpg
2,16594.jpg
5,16595.jpg
2,16596.jpg
3,16597.jpg
7,16598.jpg
8,16599.jpg
6,16600.jpg
11,16601.jpg
6,16602.jpg
5,16603.jpg
2,16604.jpg
5,16605.jpg
3,16606.jpg
3,16607.jpg
3,16608.jpg
3,16609.jpg
10,16610.jpg
6,16611.jpg
0,16612.jpg
5,16613.jpg
1,16614.jpg
2,16615.jpg
1,16616.jpg
1,16617.jpg
4,16618.jpg
4,16619.jpg
5,16620.jpg
6,16621.jpg
5,16622.jpg
14,16623.jpg
11,16624.jpg
3,16625.jpg
6,16626.jpg
7,16627.jpg
7,16628.jpg
3,16629.jpg
6,16630.jpg
4,16631.jpg
2,16632.jpg
8,16633.jpg
4,16634.jpg
6,16635.jpg
7,16636.jpg
0,16637.jpg
6,16638.jpg
7,16639.jpg
4,16640.jpg
4,16641.jpg
6,16642.jpg
2,16643.jpg
1,16644.jpg
2,16645.jpg
7,16646.jpg
3,16647.jpg
2,16648.jpg
2,16649.jpg
0,16650.jpg
2,16651.jpg
4,16652.jpg
3,16653.jpg
6,16654.jpg
2,16655.jpg
8,16656.jpg
5,16657.jpg
6,16658.jpg
4,16659.jpg
4,16660.jpg
0,16661.jpg
4,16662.jpg
7,16663.jpg
6,16664.jpg
5,16665.jpg
4,16666.jpg
9,16667.jpg
0,16668.jpg
2,16669.jpg
3,16670.jpg
5,16671.jpg
4,16672.jpg
2,16673.jpg
6,16674.jpg
5,16675.jpg
1,16676.jpg
7,16677.jpg
4,16678.jpg
5,16679.jpg
3,16680.jpg
9,16681.jpg
3,16682.jpg
3,16683.jpg
6,16684.jpg
6,16685.jpg
2,16686.jpg
2,16687.jpg
7,16688.jpg
5,16689.jpg
5,16690.jpg
7,16691.jpg
1,16692.jpg
7,16693.jpg
5,16694.jpg
9,16695.jpg
5,16696.jpg
6,16697.jpg
3,16698.jpg
9,16699.jpg
2,16700.jpg
1,16701.jpg
1,16702.jpg
6,16703.jpg
7,16704.jpg
9,16705.jpg
3,16706.jpg
6,16707.jpg
2,16708.jpg
4,16709.jpg
2,16710.jpg
8,16711.jpg
6,16712.jpg
5,16713.jpg
4,16714.jpg
6,16715.jpg
3,16716.jpg
3,16717.jpg
12,16718.jpg
11,16719.jpg
5,16720.jpg
2,16721.jpg
6,16722.jpg
12,16724.jpg
13,16725.jpg
3,16726.jpg
6,16727.jpg
7,16728.jpg
3,16729.jpg
3,16730.jpg
2,16731.jpg
6,16732.jpg
1,16733.jpg
2,16734.jpg
2,16735.jpg
5,16736.jpg
5,16737.jpg
3,16738.jpg
8,16739.jpg
4,16740.jpg
6,16741.jpg
5,16742.jpg
6,16743.jpg
4,16744.jpg
5,16745.jpg
2,16746.jpg
4,16747.jpg
4,16748.jpg
2,16749.jpg
4,16750.jpg
6,16751.jpg
6,16752.jpg
7,16753.jpg
3,16754.jpg
6,16755.jpg
3,16756.jpg
4,16757.jpg
0,16758.jpg
3,16759.jpg
4,16760.jpg
3,16761.jpg
10,16762.jpg
4,16763.jpg
3,16764.jpg
7,16765.jpg
10,16766.jpg
11,16767.jpg
3,16768.jpg
5,16769.jpg
8,16770.jpg
2,16771.jpg
4,16772.jpg
5,16773.jpg
2,16774.jpg
6,16775.jpg
1,16776.jpg
5,16777.jpg
7,16778.jpg
6,16779.jpg
4,16780.jpg
3,16781.jpg
1,16782.jpg
0,16783.jpg
8,16784.jpg
4,16785.jpg
8,16786.jpg
9,16787.jpg
11,16788.jpg
2,16789.jpg
8,16790.jpg
4,16791.jpg
1,16792.jpg
5,16793.jpg
2,16794.jpg
11,16795.jpg
5,16796.jpg
6,16797.jpg
6,16798.jpg
7,16799.jpg
3,16800.jpg
3,16801.jpg
5,16802.jpg
6,16803.jpg
2,16804.jpg
2,16805.jpg
4,16806.jpg
5,16807.jpg
5,16808.jpg
4,16809.jpg
1,16810.jpg
3,16811.jpg
5,16812.jpg
8,16813.jpg
4,16814.jpg
3,16815.jpg
3,16816.jpg
1,16817.jpg
4,16818.jpg
4,16819.jpg
6,16820.jpg
3,16821.jpg
4,16822.jpg
3,16823.jpg
3,16824.jpg
1,16825.jpg
3,16826.jpg
0,16827.jpg
4,16828.jpg
7,16829.jpg
4,16830.jpg
10,16831.jpg
3,16832.jpg
8,16833.jpg
8,16834.jpg
2,16835.jpg
3,16836.jpg
4,16837.jpg
9,16838.jpg
9,16839.jpg
4,16840.jpg
6,16841.jpg
4,16842.jpg
2,16843.jpg
3,16844.jpg
3,16845.jpg
8,16846.jpg
3,16847.jpg
7,16848.jpg
6,16849.jpg
11,16850.jpg
6,16851.jpg
6,16852.jpg
6,16853.jpg
7,16854.jpg
5,16855.jpg
5,16856.jpg
13,16857.jpg
5,16858.jpg
8,16859.jpg
6,16860.jpg
2,16861.jpg
1,16862.jpg
4,16863.jpg
4,16864.jpg
5,16865.jpg
5,16866.jpg
1,16867.jpg
1,16868.jpg
1,16869.jpg
1,16870.jpg
6,16871.jpg
6,16872.jpg
5,16873.jpg
7,16874.jpg
7,16875.jpg
4,16876.jpg
4,16877.jpg
8,16878.jpg
7,16879.jpg
5,16880.jpg
5,16881.jpg
6,16882.jpg
7,16883.jpg
3,16884.jpg
4,16885.jpg
5,16886.jpg
2,16887.jpg
6,16888.jpg
8,16889.jpg
3,16890.jpg
3,16891.jpg
2,16892.jpg
6,16893.jpg
3,16894.jpg
5,16895.jpg
0,16896.jpg
3,16897.jpg
3,16898.jpg
1,16899.jpg
5,16900.jpg
3,16901.jpg
4,16902.jpg
7,16903.jpg
3,16904.jpg
5,16905.jpg
5,16906.jpg
3,16907.jpg
2,16908.jpg
4,16909.jpg
4,16910.jpg
4,16911.jpg
2,16912.jpg
6,16913.jpg
8,16914.jpg
4,16915.jpg
2,16916.jpg
3,16917.jpg
6,16918.jpg
7,16919.jpg
2,16920.jpg
4,16921.jpg
4,16922.jpg
0,16923.jpg
4,16924.jpg
4,16925.jpg
6,16926.jpg
3,16927.jpg
5,16929.jpg
4,16930.jpg
4,16931.jpg
8,16932.jpg
7,16933.jpg
5,16934.jpg
11,16935.jpg
8,16936.jpg
3,16937.jpg
4,16938.jpg
2,16939.jpg
3,16940.jpg
3,16941.jpg
6,16942.jpg
1,16943.jpg
0,16944.jpg
8,16945.jpg
7,16946.jpg
4,16947.jpg
3,16948.jpg
6,16949.jpg
7,16950.jpg
3,16951.jpg
6,16952.jpg
9,16953.jpg
4,16954.jpg
8,16955.jpg
5,16956.jpg
1,16957.jpg
6,16958.jpg
0,16959.jpg
2,16960.jpg
1,16961.jpg
6,16962.jpg
10,16963.jpg
5,16964.jpg
3,16965.jpg
10,16966.jpg
0,16967.jpg
4,16968.jpg
10,16969.jpg
9,16970.jpg
12,16971.jpg
5,16972.jpg
5,16973.jpg
4,16974.jpg
10,16975.jpg
2,16976.jpg
8,16977.jpg
6,16978.jpg
8,16979.jpg
2,16980.jpg
2,16981.jpg
3,16982.jpg
2,16983.jpg
3,16984.jpg
5,16985.jpg
5,16986.jpg
9,16987.jpg
7,16988.jpg
2,16989.jpg
4,16990.jpg
2,16991.jpg
2,16992.jpg
1,16993.jpg
2,16994.jpg
2,16995.jpg
6,16996.jpg
3,16997.jpg
7,16998.jpg
2,16999.jpg
2,17000.jpg
2,17001.jpg
5,17002.jpg
3,17003.jpg
2,17004.jpg
5,17005.jpg
4,17006.jpg
6,17007.jpg
3,17008.jpg
9,17009.jpg
0,17010.jpg
2,17011.jpg
3,17012.jpg
2,17013.jpg
5,17014.jpg
7,17015.jpg
4,17016.jpg
3,17017.jpg
5,17018.jpg
2,17019.jpg
4,17020.jpg
2,17021.jpg
3,17022.jpg
4,17023.jpg
3,17024.jpg
1,17025.jpg
4,17026.jpg
4,17027.jpg
6,17028.jpg
4,17029.jpg
4,17030.jpg
4,17031.jpg
8,17032.jpg
3,17033.jpg
5,17034.jpg
1,17035.jpg
3,17036.jpg
6,17037.jpg
5,17038.jpg
6,17039.jpg
5,17040.jpg
2,17041.jpg
6,17042.jpg
4,17043.jpg
2,17044.jpg
3,17045.jpg
11,17046.jpg
3,17047.jpg
1,17048.jpg
3,17049.jpg
3,17050.jpg
3,17051.jpg
6,17052.jpg
3,17053.jpg
1,17054.jpg
1,17055.jpg
9,17056.jpg
7,17057.jpg
11,17058.jpg
7,17059.jpg
3,17060.jpg
3,17061.jpg
0,17062.jpg
3,17063.jpg
4,17064.jpg
1,17065.jpg
4,17066.jpg
5,17067.jpg
2,17068.jpg
3,17069.jpg
10,17070.jpg
5,17071.jpg
9,17072.jpg
5,17073.jpg
7,17074.jpg
0,17075.jpg
0,17076.jpg
2,17077.jpg
8,17078.jpg
6,17079.jpg
4,17080.jpg
4,17081.jpg
3,17082.jpg
3,17083.jpg
3,17084.jpg
3,17085.jpg
6,17086.jpg
5,17087.jpg
7,17088.jpg
7,17089.jpg
2,17090.jpg
1,17091.jpg
12,17092.jpg
10,17093.jpg
11,17094.jpg
1,17095.jpg
2,17096.jpg
2,17097.jpg
4,17098.jpg
4,17099.jpg
3,17100.jpg
0,17101.jpg
2,17102.jpg
4,17103.jpg
1,17104.jpg
3,17105.jpg
4,17106.jpg
2,17107.jpg
3,17108.jpg
5,17109.jpg
4,17110.jpg
6,17111.jpg
4,17112.jpg
4,17113.jpg
4,17114.jpg
0,17115.jpg
3,17116.jpg
3,17117.jpg
2,17118.jpg
3,17119.jpg
6,17120.jpg
6,17121.jpg
5,17122.jpg
4,17123.jpg
5,17124.jpg
3,17125.jpg
2,17126.jpg
3,17127.jpg
7,17128.jpg
10,17129.jpg
2,17130.jpg
5,17131.jpg
2,17132.jpg
5,17133.jpg
7,17134.jpg
7,17135.jpg
2,17136.jpg
5,17137.jpg
3,17138.jpg
6,17139.jpg
6,17140.jpg
10,17141.jpg
7,17142.jpg
9,17143.jpg
11,17144.jpg
4,17145.jpg
8,17146.jpg
4,17147.jpg
5,17148.jpg
0,17149.jpg
8,17150.jpg
6,17151.jpg
6,17152.jpg
6,17153.jpg
4,17154.jpg
5,17155.jpg
5,17156.jpg
3,17157.jpg
2,17158.jpg
6,17159.jpg
0,17160.jpg
1,17161.jpg
3,17162.jpg
8,17163.jpg
5,17164.jpg
6,17165.jpg
6,17166.jpg
3,17167.jpg
4,17168.jpg
1,17169.jpg
2,17170.jpg
6,17171.jpg
5,17172.jpg
4,17173.jpg
5,17174.jpg
1,17175.jpg
2,17176.jpg
2,17177.jpg
2,17178.jpg
9,17179.jpg
4,17180.jpg
2,17181.jpg
5,17182.jpg
7,17183.jpg
7,17184.jpg
4,17185.jpg
4,17186.jpg
7,17187.jpg
5,17188.jpg
7,17189.jpg
3,17190.jpg
4,17191.jpg
3,17192.jpg
3,17193.jpg
3,17194.jpg
5,17195.jpg
6,17196.jpg
7,17197.jpg
7,17198.jpg
10,17199.jpg
4,17200.jpg
5,17201.jpg
2,17202.jpg
1,17203.jpg
8,17204.jpg
4,17205.jpg
6,17206.jpg
2,17207.jpg
5,17208.jpg
2,17209.jpg
7,17210.jpg
5,17211.jpg
1,17212.jpg
4,17213.jpg
3,17214.jpg
3,17215.jpg
2,17216.jpg
4,17217.jpg
2,17218.jpg
5,17219.jpg
5,17220.jpg
5,17221.jpg
0,17222.jpg
1,17223.jpg
4,17224.jpg
1,17225.jpg
3,17226.jpg
3,17227.jpg
5,17228.jpg
11,17229.jpg
1,17230.jpg
5,17231.jpg
2,17232.jpg
4,17233.jpg
5,17234.jpg
6,17235.jpg
2,17236.jpg
9,17237.jpg
4,17238.jpg
8,17239.jpg
5,17240.jpg
6,17241.jpg
11,17242.jpg
7,17243.jpg
4,17244.jpg
6,17245.jpg
3,17246.jpg
5,17247.jpg
1,17248.jpg
3,17249.jpg
1,17250.jpg
8,17251.jpg
7,17252.jpg
6,17253.jpg
7,17254.jpg
6,17255.jpg
6,17256.jpg
5,17257.jpg
7,17258.jpg
4,17259.jpg
8,17260.jpg
2,17261.jpg
9,17262.jpg
5,17263.jpg
3,17264.jpg
5,17265.jpg
4,17266.jpg
4,17267.jpg
2,17268.jpg
4,17269.jpg
7,17270.jpg
8,17271.jpg
5,17272.jpg
1,17273.jpg
3,17274.jpg
2,17275.jpg
7,17276.jpg
5,17277.jpg
7,17278.jpg
2,17279.jpg
4,17280.jpg
4,17281.jpg
4,17282.jpg
6,17283.jpg
6,17284.jpg
3,17285.jpg
1,17286.jpg
6,17287.jpg
5,17288.jpg
7,17289.jpg
4,17290.jpg
5,17291.jpg
5,17292.jpg
3,17293.jpg
3,17294.jpg
2,17295.jpg
4,17296.jpg
3,17297.jpg
1,17298.jpg
4,17299.jpg
7,17300.jpg
3,17301.jpg
9,17302.jpg
2,17303.jpg
3,17304.jpg
4,17305.jpg
11,17306.jpg
8,17307.jpg
9,17308.jpg
6,17309.jpg
3,17310.jpg
8,17311.jpg
5,17312.jpg
4,17313.jpg
7,17314.jpg
4,17315.jpg
1,17316.jpg
8,17317.jpg
5,17318.jpg
4,17319.jpg
2,17320.jpg
2,17321.jpg
6,17322.jpg
6,17323.jpg
3,17324.jpg
5,17325.jpg
8,17326.jpg
3,17327.jpg
3,17328.jpg
2,17329.jpg
3,17330.jpg
7,17331.jpg
4,17332.jpg
3,17333.jpg
9,17334.jpg
6,17335.jpg
5,17336.jpg
5,17337.jpg
3,17338.jpg
6,17339.jpg
6,17340.jpg
11,17341.jpg
2,17342.jpg
6,17343.jpg
7,17344.jpg
5,17345.jpg
6,17346.jpg
0,17347.jpg
6,17348.jpg
5,17349.jpg
1,17350.jpg
9,17351.jpg
1,17352.jpg
2,17353.jpg
4,17354.jpg
2,17355.jpg
1,17356.jpg
2,17357.jpg
9,17358.jpg
6,17359.jpg
5,17360.jpg
3,17361.jpg
7,17362.jpg
3,17363.jpg
0,17364.jpg
6,17365.jpg
8,17366.jpg
0,17367.jpg
2,17368.jpg
6,17369.jpg
3,17370.jpg
6,17371.jpg
4,17372.jpg
6,17373.jpg
4,17374.jpg
8,17375.jpg
7,17376.jpg
2,17377.jpg
7,17378.jpg
2,17379.jpg
8,17380.jpg
5,17381.jpg
7,17382.jpg
6,17383.jpg
5,17384.jpg
9,17385.jpg
6,17386.jpg
6,17387.jpg
10,17388.jpg
0,17389.jpg
3,17390.jpg
6,17391.jpg
7,17392.jpg
6,17393.jpg
2,17394.jpg
1,17395.jpg
6,17396.jpg
7,17397.jpg
11,17398.jpg
4,17399.jpg
3,17400.jpg
6,17401.jpg
5,17402.jpg
3,17403.jpg
5,17404.jpg
5,17405.jpg
7,17406.jpg
2,17407.jpg
1,17408.jpg
2,17409.jpg
2,17410.jpg
5,17411.jpg
11,17412.jpg
9,17413.jpg
7,17414.jpg
1,17415.jpg
1,17416.jpg
5,17417.jpg
2,17418.jpg
3,17419.jpg
3,17420.jpg
5,17421.jpg
4,17422.jpg
5,17423.jpg
5,17424.jpg
5,17425.jpg
4,17426.jpg
5,17427.jpg
4,17428.jpg
2,17429.jpg
2,17430.jpg
1,17431.jpg
4,17432.jpg
4,17433.jpg
4,17434.jpg
6,17435.jpg
5,17436.jpg
2,17437.jpg
7,17438.jpg
6,17439.jpg
6,17440.jpg
5,17441.jpg
8,17442.jpg
3,17443.jpg
4,17444.jpg
1,17445.jpg
2,17446.jpg
5,17447.jpg
4,17448.jpg
5,17449.jpg
7,17450.jpg
5,17451.jpg
6,17452.jpg
3,17453.jpg
5,17454.jpg
3,17455.jpg
6,17456.jpg
7,17457.jpg
4,17458.jpg
7,17459.jpg
2,17460.jpg
7,17461.jpg
5,17462.jpg
6,17463.jpg
6,17464.jpg
6,17465.jpg
5,17466.jpg
1,17467.jpg
7,17468.jpg
2,17469.jpg
4,17470.jpg
0,17471.jpg
2,17472.jpg
4,17473.jpg
3,17474.jpg
4,17475.jpg
2,17476.jpg
5,17477.jpg
5,17478.jpg
3,17479.jpg
4,17480.jpg
3,17481.jpg
1,17482.jpg
1,17483.jpg
5,17484.jpg
5,17485.jpg
3,17486.jpg
1,17487.jpg
5,17488.jpg
6,17489.jpg
4,17490.jpg
3,17491.jpg
2,17492.jpg
4,17493.jpg
4,17494.jpg
3,17495.jpg
2,17496.jpg
3,17497.jpg
6,17498.jpg
1,17499.jpg
3,17500.jpg
3,17501.jpg
5,17502.jpg
7,17503.jpg
1,17504.jpg
4,17505.jpg
1,17506.jpg
8,17507.jpg
12,17508.jpg
7,17509.jpg
5,17510.jpg
3,17511.jpg
4,17512.jpg
2,17513.jpg
8,17514.jpg
3,17515.jpg
3,17516.jpg
5,17517.jpg
1,17518.jpg
2,17519.jpg
4,17520.jpg
5,17521.jpg
2,17522.jpg
4,17523.jpg
3,17524.jpg
2,17525.jpg
3,17526.jpg
6,17527.jpg
2,17528.jpg
6,17529.jpg
5,17530.jpg
4,17531.jpg
1,17532.jpg
2,17533.jpg
8,17534.jpg
5,17535.jpg
5,17536.jpg
5,17537.jpg
3,17538.jpg
7,17539.jpg
2,17540.jpg
3,17541.jpg
5,17542.jpg
6,17543.jpg
3,17544.jpg
3,17545.jpg
10,17546.jpg
6,17547.jpg
6,17548.jpg
2,17549.jpg
1,17550.jpg
3,17551.jpg
2,17552.jpg
7,17553.jpg
7,17554.jpg
6,17555.jpg
8,17556.jpg
5,17557.jpg
7,17558.jpg
5,17559.jpg
1,17560.jpg
2,17561.jpg
10,17562.jpg
7,17563.jpg
8,17564.jpg
5,17565.jpg
8,17566.jpg
1,17567.jpg
4,17568.jpg
6,17569.jpg
1,17570.jpg
2,17571.jpg
2,17572.jpg
2,17573.jpg
2,17574.jpg
0,17575.jpg
1,17576.jpg
2,17577.jpg
5,17578.jpg
0,17579.jpg
4,17580.jpg
5,17581.jpg
6,17582.jpg
5,17583.jpg
5,17584.jpg
6,17585.jpg
9,17586.jpg
3,17587.jpg
7,17588.jpg
0,17590.jpg
12,17591.jpg
6,17592.jpg
1,17593.jpg
4,17594.jpg
6,17595.jpg
1,17596.jpg
6,17597.jpg
6,17598.jpg
12,17599.jpg
10,17600.jpg
8,17601.jpg
3,17602.jpg
11,17603.jpg
2,17604.jpg
7,17605.jpg
7,17606.jpg
3,17607.jpg
2,17608.jpg
8,17609.jpg
8,17610.jpg
5,17611.jpg
6,17612.jpg
10,17613.jpg
8,17614.jpg
6,17615.jpg
8,17616.jpg
1,17617.jpg
2,17618.jpg
1,17619.jpg
1,17620.jpg
0,17621.jpg
2,17622.jpg
5,17623.jpg
5,17624.jpg
5,17625.jpg
5,17626.jpg
1,17627.jpg
3,17628.jpg
4,17629.jpg
1,17630.jpg
5,17631.jpg
2,17632.jpg
10,17633.jpg
7,17634.jpg
5,17635.jpg
4,17636.jpg
3,17637.jpg
2,17638.jpg
4,17639.jpg
3,17640.jpg
7,17641.jpg
9,17642.jpg
3,17643.jpg
4,17644.jpg
4,17645.jpg
7,17646.jpg
3,17647.jpg
9,17648.jpg
1,17649.jpg
3,17650.jpg
3,17651.jpg
9,17652.jpg
6,17653.jpg
7,17654.jpg
7,17655.jpg
4,17656.jpg
5,17657.jpg
6,17658.jpg
4,17659.jpg
3,17660.jpg
4,17661.jpg
3,17662.jpg
3,17663.jpg
9,17664.jpg
3,17665.jpg
4,17666.jpg
3,17667.jpg
4,17668.jpg
5,17669.jpg
2,17670.jpg
5,17671.jpg
0,17672.jpg
3,17673.jpg
3,17674.jpg
6,17675.jpg
3,17676.jpg
2,17677.jpg
3,17678.jpg
3,17679.jpg
2,17680.jpg
6,17681.jpg
2,17682.jpg
2,17683.jpg
3,17684.jpg
3,17685.jpg
1,17686.jpg
6,17687.jpg
5,17688.jpg
4,17689.jpg
4,17690.jpg
4,17691.jpg
4,17692.jpg
4,17693.jpg
7,17694.jpg
4,17695.jpg
4,17696.jpg
4,17697.jpg
2,17698.jpg
0,17699.jpg
5,17700.jpg
3,17701.jpg
5,17702.jpg
7,17703.jpg
4,17704.jpg
4,17705.jpg
5,17706.jpg
6,17707.jpg
4,17708.jpg
3,17709.jpg
7,17710.jpg
5,17711.jpg
11,17712.jpg
6,17713.jpg
12,17714.jpg
6,17715.jpg
3,17716.jpg
7,17717.jpg
9,17718.jpg
9,17719.jpg
6,17720.jpg
7,17721.jpg
5,17722.jpg
4,17723.jpg
3,17724.jpg
1,17725.jpg
7,17726.jpg
4,17727.jpg
12,17728.jpg
3,17729.jpg
1,17730.jpg
4,17731.jpg
2,17732.jpg
5,17733.jpg
2,17734.jpg
3,17735.jpg
5,17736.jpg
2,17737.jpg
4,17738.jpg
4,17739.jpg
1,17740.jpg
6,17741.jpg
2,17742.jpg
2,17743.jpg
6,17744.jpg
4,17745.jpg
2,17746.jpg
2,17747.jpg
2,17748.jpg
6,17749.jpg
1,17750.jpg
3,17751.jpg
2,17752.jpg
2,17753.jpg
5,17754.jpg
5,17755.jpg
10,17756.jpg
7,17757.jpg
3,17758.jpg
5,17759.jpg
6,17760.jpg
5,17761.jpg
3,17762.jpg
8,17763.jpg
4,17764.jpg
5,17765.jpg
7,17766.jpg
3,17767.jpg
1,17768.jpg
2,17769.jpg
5,17770.jpg
4,17771.jpg
6,17772.jpg
7,17773.jpg
2,17774.jpg
3,17775.jpg
1,17776.jpg
3,17777.jpg
2,17778.jpg
9,17779.jpg
1,17780.jpg
3,17781.jpg
3,17782.jpg
0,17783.jpg
2,17784.jpg
1,17785.jpg
2,17786.jpg
10,17787.jpg
5,17788.jpg
3,17789.jpg
1,17790.jpg
2,17791.jpg
6,17792.jpg
9,17793.jpg
4,17794.jpg
4,17795.jpg
4,17796.jpg
2,17797.jpg
2,17798.jpg
3,17799.jpg
4,17800.jpg
1,17801.jpg
3,17802.jpg
3,17803.jpg
2,17804.jpg
3,17805.jpg
3,17806.jpg
4,17807.jpg
0,17808.jpg
6,17809.jpg
3,17810.jpg
0,17811.jpg
4,17812.jpg
4,17813.jpg
5,17814.jpg
1,17815.jpg
9,17816.jpg
5,17817.jpg
3,17818.jpg
1,17819.jpg
6,17820.jpg
6,17821.jpg
4,17822.jpg
7,17823.jpg
4,17824.jpg
5,17825.jpg
7,17826.jpg
1,17827.jpg
2,17828.jpg
1,17829.jpg
2,17830.jpg
1,17831.jpg
2,17832.jpg
3,17833.jpg
1,17834.jpg
3,17835.jpg
5,17836.jpg
1,17837.jpg
6,17838.jpg
0,17839.jpg
4,17840.jpg
4,17841.jpg
4,17842.jpg
3,17843.jpg
4,17844.jpg
1,17845.jpg
7,17846.jpg
12,17847.jpg
7,17848.jpg
7,17849.jpg
4,17850.jpg
3,17851.jpg
3,17852.jpg
4,17853.jpg
1,17854.jpg
1,17855.jpg
1,17856.jpg
0,17857.jpg
3,17858.jpg
4,17859.jpg
4,17860.jpg
1,17861.jpg
4,17862.jpg
7,17863.jpg
12,17864.jpg
7,17865.jpg
5,17866.jpg
5,17867.jpg
4,17868.jpg
8,17869.jpg
8,17870.jpg
2,17871.jpg
3,17872.jpg
3,17873.jpg
6,17874.jpg
12,17875.jpg
1,17876.jpg
7,17877.jpg
9,17878.jpg
8,17879.jpg
7,17880.jpg
3,17881.jpg
1,17882.jpg
6,17883.jpg
5,17884.jpg
7,17885.jpg
7,17886.jpg
4,17887.jpg
6,17888.jpg
5,17889.jpg
15,17890.jpg
6,17891.jpg
13,17893.jpg
3,17894.jpg
7,17895.jpg
6,17896.jpg
7,17897.jpg
5,17898.jpg
9,17899.jpg
3,17900.jpg
5,17901.jpg
3,17902.jpg
4,17903.jpg
7,17904.jpg
1,17905.jpg
4,17906.jpg
7,17907.jpg
4,17908.jpg
3,17909.jpg
5,17912.jpg
8,17913.jpg
4,17914.jpg
1,17915.jpg
4,17916.jpg
0,17917.jpg
1,17918.jpg
9,17919.jpg
2,17920.jpg
4,17921.jpg
3,17922.jpg
6,17923.jpg
6,17924.jpg
8,17925.jpg
6,17926.jpg
3,17927.jpg
1,17928.jpg
6,17929.jpg
10,17930.jpg
9,17931.jpg
5,17932.jpg
3,17933.jpg
10,17934.jpg
2,17935.jpg
7,17936.jpg
4,17937.jpg
1,17938.jpg
1,17939.jpg
6,17940.jpg
7,17941.jpg
3,17942.jpg
5,17943.jpg
5,17944.jpg
4,17945.jpg
4,17946.jpg
4,17947.jpg
4,17948.jpg
4,17949.jpg
4,17950.jpg
3,17951.jpg
3,17952.jpg
2,17953.jpg
6,17954.jpg
9,17955.jpg
3,17956.jpg
0,17957.jpg
0,17958.jpg
0,17959.jpg
3,17960.jpg
3,17961.jpg
7,17962.jpg
8,17963.jpg
3,17964.jpg
8,17965.jpg
7,17966.jpg
3,17967.jpg
6,17968.jpg
4,17969.jpg
4,17970.jpg
4,17971.jpg
5,17972.jpg
4,17973.jpg
1,17974.jpg
6,17975.jpg
0,17976.jpg
6,17977.jpg
5,17978.jpg
4,17979.jpg
3,17980.jpg
1,17981.jpg
4,17982.jpg
6,17983.jpg
2,17984.jpg
4,17985.jpg
3,17986.jpg
3,17987.jpg
2,17988.jpg
1,17989.jpg
0,17990.jpg
1,17991.jpg
1,17992.jpg
1,17993.jpg
4,17994.jpg
1,17995.jpg
3,17996.jpg
3,17997.jpg
4,17998.jpg
0,17999.jpg
2,18000.jpg
5,18001.jpg
0,18002.jpg
2,18003.jpg
2,18004.jpg
3,18005.jpg
4,18006.jpg
6,18007.jpg
8,18008.jpg
4,18009.jpg
1,18010.jpg
7,18011.jpg
6,18012.jpg
6,18013.jpg
3,18014.jpg
1,18015.jpg
0,18016.jpg
3,18017.jpg
6,18018.jpg
3,18019.jpg
1,18020.jpg
2,18021.jpg
4,18022.jpg
6,18023.jpg
7,18024.jpg
4,18025.jpg
8,18026.jpg
6,18027.jpg
4,18028.jpg
2,18029.jpg
3,18030.jpg
0,18031.jpg
3,18032.jpg
5,18033.jpg
3,18034.jpg
7,18035.jpg
4,18036.jpg
5,18037.jpg
2,18038.jpg
6,18039.jpg
6,18040.jpg
0,18041.jpg
6,18042.jpg
3,18043.jpg
7,18044.jpg
5,18045.jpg
1,18046.jpg
1,18047.jpg
5,18048.jpg
5,18049.jpg
6,18050.jpg
8,18051.jpg
2,18052.jpg
5,18053.jpg
3,18054.jpg
4,18055.jpg
2,18056.jpg
2,18057.jpg
9,18058.jpg
3,18059.jpg
4,18060.jpg
5,18061.jpg
8,18062.jpg
6,18063.jpg
4,18064.jpg
7,18065.jpg
4,18066.jpg
5,18067.jpg
2,18068.jpg
10,18069.jpg
4,18070.jpg
7,18071.jpg
4,18072.jpg
3,18073.jpg
6,18074.jpg
4,18075.jpg
1,18076.jpg
4,18077.jpg
2,18078.jpg
6,18079.jpg
4,18080.jpg
2,18081.jpg
4,18082.jpg
6,18083.jpg
9,18084.jpg
5,18085.jpg
3,18086.jpg
5,18087.jpg
6,18088.jpg
6,18089.jpg
6,18090.jpg
5,18091.jpg
6,18092.jpg
7,18093.jpg
4,18094.jpg
5,18095.jpg
3,18096.jpg
2,18097.jpg
2,18098.jpg
1,18099.jpg
4,18100.jpg
5,18101.jpg
7,18102.jpg
5,18103.jpg
3,18104.jpg
4,18105.jpg
4,18106.jpg
6,18107.jpg
2,18108.jpg
6,18109.jpg
8,18110.jpg
1,18111.jpg
3,18112.jpg
8,18113.jpg
4,18114.jpg
2,18115.jpg
1,18116.jpg
1,18117.jpg
0,18118.jpg
3,18119.jpg
3,18120.jpg
3,18121.jpg
1,18122.jpg
2,18123.jpg
4,18124.jpg
6,18125.jpg
2,18126.jpg
5,18127.jpg
5,18128.jpg
5,18129.jpg
7,18130.jpg
10,18131.jpg
6,18132.jpg
3,18133.jpg
6,18134.jpg
3,18135.jpg
4,18136.jpg
4,18137.jpg
8,18138.jpg
1,18139.jpg
4,18140.jpg
8,18141.jpg
4,18142.jpg
9,18143.jpg
11,18144.jpg
6,18145.jpg
11,18146.jpg
4,18147.jpg
1,18148.jpg
12,18149.jpg
1,18150.jpg
3,18151.jpg
2,18152.jpg
2,18153.jpg
3,18154.jpg
6,18155.jpg
6,18156.jpg
4,18157.jpg
3,18158.jpg
3,18159.jpg
6,18160.jpg
1,18161.jpg
4,18162.jpg
5,18163.jpg
6,18164.jpg
2,18165.jpg
3,18166.jpg
2,18167.jpg
1,18168.jpg
6,18169.jpg
3,18170.jpg
5,18171.jpg
4,18172.jpg
4,18173.jpg
6,18174.jpg
4,18175.jpg
7,18176.jpg
5,18177.jpg
5,18178.jpg
8,18179.jpg
2,18180.jpg
3,18181.jpg
6,18182.jpg
1,18183.jpg
6,18184.jpg
5,18185.jpg
2,18186.jpg
8,18187.jpg
4,18188.jpg
9,18189.jpg
9,18190.jpg
4,18191.jpg
8,18192.jpg
4,18193.jpg
5,18194.jpg
4,18195.jpg
1,18196.jpg
2,18197.jpg
4,18198.jpg
4,18199.jpg
3,18200.jpg
2,18201.jpg
3,18202.jpg
4,18203.jpg
5,18204.jpg
7,18205.jpg
4,18206.jpg
7,18207.jpg
